Stakes_Group,Explanation_Group,PIL1,PIL2,PIL3,PIL4,PIL_Mean,IT1,IT2,IT3,IT_Mean,PA1,PA2,PA3,PA_Mean,Gender,Age_Group,Edu_Level,Job_Type,GT1,GT2,GT3,GT_Mean,AA1,AA2,AA_Mean,AE1,AE2,AE_Mean,PAC1,PAC2
Low Stakes,Empathic,2,3,2,2,2.25,4,4,5,4.333333333333333,3,3,2,2.6666666666666665,男,21-30岁,本科,职员（从事一般性事务工作的人员）,4,5,5,4.666666666666667,4,4,4.0,5,5,5.0,4,5
Low Stakes,Empathic,2,1,3,1,1.75,3,2,2,2.3333333333333335,1,1,2,1.3333333333333333,女,21-30岁,本科,学生,2,3,3,2.6666666666666665,3,3,3.0,5,4,4.5,3,4
High Stakes,Empathic,2,2,1,2,1.75,2,1,3,2.0,2,1,1,1.3333333333333333,女,21-30岁,本科,专业技术人员（教师、医生、工程技术人员、作家等专业人员）,2,3,2,2.3333333333333335,3,2,2.5,2,3,2.5,4,3
Low Stakes,Process,4,5,4,4,4.25,5,4,4,4.333333333333333,5,5,4,4.666666666666667,女,21-30岁,本科,自由职业者,4,5,5,4.666666666666667,4,4,4.0,3,3,3.0,4,5
High Stakes,Outcome,3,2,2,4,2.75,3,4,3,3.3333333333333335,2,2,2,2.0,女,0-20岁,本科,学生,2,5,5,4.0,4,4,4.0,5,3,4.0,4,4
High Stakes,Empathic,3,2,2,3,2.5,3,3,2,2.6666666666666665,2,2,3,2.3333333333333335,男,31-40岁,硕士,专业技术人员（教师、医生、工程技术人员、作家等专业人员）,3,4,3,3.3333333333333335,3,4,3.5,5,3,4.0,5,3
High Stakes,Outcome,5,4,5,5,4.75,4,5,5,4.666666666666667,4,4,5,4.333333333333333,女,21-30岁,普高/中专/技校/职高,产业工人,5,5,4,4.666666666666667,4,5,4.5,5,4,4.5,4,5
Low Stakes,Outcome,5,5,4,5,4.75,5,4,5,4.666666666666667,5,4,5,4.666666666666667,女,31-40岁,本科,职员（从事一般性事务工作的人员）,5,4,5,4.666666666666667,5,5,5.0,4,5,4.5,5,5
Low Stakes,Process,4,4,5,4,4.25,5,4,5,4.666666666666667,4,4,5,4.333333333333333,女,51-60岁,初中,私营企业主,4,5,5,4.666666666666667,5,4,4.5,4,3,3.5,4,5
High Stakes,Empathic,3,4,4,3,3.5,3,4,3,3.3333333333333335,4,4,3,3.6666666666666665,男,31-40岁,本科,职员（从事一般性事务工作的人员）,4,5,4,4.333333333333333,4,5,4.5,4,4,4.0,4,5
High Stakes,Process,2,3,2,3,2.5,4,3,4,3.6666666666666665,3,3,2,2.6666666666666665,男,21-30岁,本科,职员（从事一般性事务工作的人员）,4,4,3,3.6666666666666665,4,4,4.0,4,3,3.5,4,4
High Stakes,Process,4,4,4,3,3.75,4,5,4,4.333333333333333,4,3,3,3.3333333333333335,女,31-40岁,硕士,专业技术人员（教师、医生、工程技术人员、作家等专业人员）,3,4,4,3.6666666666666665,5,4,4.5,5,5,5.0,5,4
Low Stakes,Process,4,4,4,3,3.75,4,4,4,4.0,2,3,3,2.6666666666666665,女,21-30岁,本科,专业技术人员（教师、医生、工程技术人员、作家等专业人员）,4,4,4,4.0,4,4,4.0,4,4,4.0,4,4
High Stakes,Empathic,2,1,2,2,1.75,1,2,2,1.6666666666666667,1,1,2,1.3333333333333333,男,21-30岁,专科,职员（从事一般性事务工作的人员）,4,5,5,4.666666666666667,4,5,4.5,4,4,4.0,5,4
Low Stakes,Empathic,4,4,3,4,3.75,4,4,3,3.6666666666666665,4,3,3,3.3333333333333335,女,21-30岁,本科,学生,4,3,4,3.6666666666666665,4,3,3.5,5,4,4.5,4,3
High Stakes,Outcome,4,5,4,4,4.25,5,4,4,4.333333333333333,5,4,4,4.333333333333333,男,31-40岁,本科,各级政府部门、企事业单位、党政机关和公众团体领导者,5,4,5,4.666666666666667,5,5,5.0,5,4,4.5,5,4
High Stakes,Outcome,4,3,4,4,3.75,5,5,5,5.0,5,5,4,4.666666666666667,女,21-30岁,本科,职员（从事一般性事务工作的人员）,5,5,5,5.0,5,5,5.0,5,4,4.5,5,5
Low Stakes,Outcome,4,4,3,4,3.75,5,4,5,4.666666666666667,4,4,4,4.0,男,31-40岁,专科,职员（从事一般性事务工作的人员）,5,5,5,5.0,4,5,4.5,5,4,4.5,4,5
High Stakes,Process,2,2,2,2,2.0,4,3,3,3.3333333333333335,2,2,2,2.0,女,21-30岁,本科,自由职业者,3,3,3,3.0,3,3,3.0,4,2,3.0,3,4
High Stakes,Process,4,4,5,4,4.25,4,5,4,4.333333333333333,4,5,4,4.333333333333333,男,60岁以上,本科,离退休人员,5,4,5,4.666666666666667,4,5,4.5,4,5,4.5,4,5
High Stakes,Empathic,3,3,4,4,3.5,3,3,3,3.0,2,2,2,2.0,女,41-50岁,本科,职员（从事一般性事务工作的人员）,3,3,2,2.6666666666666665,4,4,4.0,4,3,3.5,3,3
High Stakes,Outcome,4,4,5,4,4.25,4,5,5,4.666666666666667,4,5,4,4.333333333333333,男,31-40岁,专科,职员（从事一般性事务工作的人员）,4,4,5,4.333333333333333,5,5,5.0,5,5,5.0,4,5
Low Stakes,Process,4,4,5,4,4.25,3,4,4,3.6666666666666665,4,3,3,3.3333333333333335,女,21-30岁,本科,第三产业服务人员,4,4,4,4.0,3,3,3.0,5,4,4.5,3,5
Low Stakes,Process,2,2,1,3,2.0,2,2,4,2.6666666666666665,4,2,3,3.0,女,0-20岁,本科,学生,4,4,4,4.0,4,3,3.5,5,4,4.5,1,4
Low Stakes,Outcome,4,5,5,5,4.75,3,4,4,3.6666666666666665,5,4,3,4.0,男,0-20岁,本科,学生,4,3,4,3.6666666666666665,4,5,4.5,5,3,4.0,5,5
Low Stakes,Process,3,2,4,4,3.25,5,4,4,4.333333333333333,3,2,3,2.6666666666666665,女,21-30岁,本科,职员（从事一般性事务工作的人员）,5,3,4,4.0,3,2,2.5,4,4,4.0,4,5
High Stakes,Process,4,5,5,4,4.5,5,4,4,4.333333333333333,5,4,5,4.666666666666667,女,31-40岁,本科,职员（从事一般性事务工作的人员）,4,5,5,4.666666666666667,5,4,4.5,5,5,5.0,4,5
Low Stakes,Empathic,4,4,4,4,4.0,4,4,4,4.0,4,4,4,4.0,女,31-40岁,初中,职员（从事一般性事务工作的人员）,4,4,4,4.0,4,4,4.0,4,4,4.0,4,4
Low Stakes,Process,4,4,3,4,3.75,4,4,5,4.333333333333333,4,4,4,4.0,男,21-30岁,本科,第三产业服务人员,4,4,3,3.6666666666666665,5,4,4.5,4,3,3.5,4,5
Low Stakes,Outcome,5,5,4,4,4.5,5,4,4,4.333333333333333,5,4,5,4.666666666666667,女,21-30岁,本科,专业技术人员（教师、医生、工程技术人员、作家等专业人员）,5,4,5,4.666666666666667,5,5,5.0,4,4,4.0,5,5
Low Stakes,Process,4,5,4,4,4.25,4,5,4,4.333333333333333,4,4,5,4.333333333333333,女,21-30岁,本科,学生,4,5,4,4.333333333333333,5,3,4.0,5,4,4.5,3,4
High Stakes,Empathic,2,2,2,3,2.25,4,3,4,3.6666666666666665,2,3,2,2.3333333333333335,男,31-40岁,本科,产业工人,4,4,3,3.6666666666666665,3,3,3.0,4,4,4.0,4,4
High Stakes,Outcome,4,5,5,4,4.5,5,3,4,4.0,4,5,5,4.666666666666667,女,21-30岁,专科,产业工人,4,5,5,4.666666666666667,4,3,3.5,5,5,5.0,4,5
Low Stakes,Outcome,4,5,4,4,4.25,5,4,4,4.333333333333333,5,4,5,4.666666666666667,男,31-40岁,硕士,职员（从事一般性事务工作的人员）,5,4,5,4.666666666666667,5,4,4.5,5,5,5.0,4,5
Low Stakes,Outcome,4,5,4,5,4.5,4,5,4,4.333333333333333,5,4,5,4.666666666666667,男,41-50岁,硕士,各级政府部门、企事业单位、党政机关和公众团体领导者,4,5,4,4.333333333333333,5,4,4.5,5,4,4.5,4,5
Low Stakes,Outcome,2,2,2,2,2.0,3,2,2,2.3333333333333335,2,2,2,2.0,女,21-30岁,本科,职员（从事一般性事务工作的人员）,3,4,3,3.3333333333333335,2,1,1.5,2,4,3.0,5,4
Low Stakes,Process,4,4,3,4,3.75,4,5,4,4.333333333333333,4,5,3,4.0,女,21-30岁,本科,专业技术人员（教师、医生、工程技术人员、作家等专业人员）,4,5,5,4.666666666666667,4,5,4.5,5,4,4.5,4,4
Low Stakes,Empathic,3,3,4,4,3.5,4,5,4,4.333333333333333,4,3,4,3.6666666666666665,女,21-30岁,本科,职员（从事一般性事务工作的人员）,4,5,5,4.666666666666667,4,4,4.0,5,5,5.0,3,4
High Stakes,Process,4,3,3,4,3.5,5,4,4,4.333333333333333,4,4,3,3.6666666666666665,女,31-40岁,本科,职员（从事一般性事务工作的人员）,4,5,4,4.333333333333333,4,5,4.5,4,3,3.5,4,3
Low Stakes,Process,5,4,4,5,4.5,4,5,3,4.0,5,3,4,4.0,女,31-40岁,本科,专业技术人员（教师、医生、工程技术人员、作家等专业人员）,5,4,5,4.666666666666667,4,5,4.5,5,4,4.5,4,4
High Stakes,Process,2,1,2,2,1.75,2,1,1,1.3333333333333333,1,2,2,1.6666666666666667,男,21-30岁,本科,各级政府部门、企事业单位、党政机关和公众团体领导者,3,3,3,3.0,3,3,3.0,4,4,4.0,5,4
High Stakes,Empathic,1,2,1,1,1.25,2,2,1,1.6666666666666667,1,1,2,1.3333333333333333,男,31-40岁,本科,职员（从事一般性事务工作的人员）,4,4,5,4.333333333333333,5,5,5.0,4,4,4.0,4,5
Low Stakes,Empathic,4,4,3,4,3.75,4,4,4,4.0,4,4,3,3.6666666666666665,女,21-30岁,硕士,职员（从事一般性事务工作的人员）,4,4,4,4.0,4,4,4.0,4,3,3.5,4,5
Low Stakes,Process,4,3,4,5,4.0,4,3,4,3.6666666666666665,4,3,4,3.6666666666666665,男,41-50岁,专科,各级政府部门、企事业单位、党政机关和公众团体领导者,5,3,4,4.0,5,4,4.5,3,2,2.5,3,5
High Stakes,Process,4,5,5,5,4.75,5,5,4,4.666666666666667,5,4,3,4.0,男,21-30岁,本科,职员（从事一般性事务工作的人员）,5,5,4,4.666666666666667,4,5,4.5,5,4,4.5,5,4
Low Stakes,Process,4,5,4,4,4.25,5,4,4,4.333333333333333,5,4,4,4.333333333333333,女,31-40岁,本科,职员（从事一般性事务工作的人员）,5,4,4,4.333333333333333,5,5,5.0,4,4,4.0,5,4
Low Stakes,Process,5,4,5,4,4.5,4,4,5,4.333333333333333,4,5,4,4.333333333333333,女,31-40岁,硕士,各级政府部门、企事业单位、党政机关和公众团体领导者,4,5,4,4.333333333333333,4,4,4.0,5,4,4.5,5,5
Low Stakes,Empathic,4,5,4,4,4.25,5,4,4,4.333333333333333,4,5,5,4.666666666666667,男,21-30岁,本科,各级政府部门、企事业单位、党政机关和公众团体领导者,4,5,4,4.333333333333333,5,5,5.0,4,5,4.5,4,5
High Stakes,Outcome,3,3,4,4,3.5,4,4,5,4.333333333333333,4,5,3,4.0,女,21-30岁,本科,学生,4,4,5,4.333333333333333,4,4,4.0,5,3,4.0,5,4
High Stakes,Outcome,3,3,2,3,2.75,4,4,4,4.0,3,3,3,3.0,女,31-40岁,本科,专业技术人员（教师、医生、工程技术人员、作家等专业人员）,4,4,4,4.0,4,4,4.0,3,3,3.0,4,4
High Stakes,Process,1,2,1,1,1.25,1,2,2,1.6666666666666667,2,1,1,1.3333333333333333,女,31-40岁,硕士,职员（从事一般性事务工作的人员）,4,4,5,4.333333333333333,4,4,4.0,5,4,4.5,4,4
Low Stakes,Empathic,3,4,4,3,3.5,3,4,4,3.6666666666666665,4,3,3,3.3333333333333335,女,41-50岁,本科,各级政府部门、企事业单位、党政机关和公众团体领导者,4,4,3,3.6666666666666665,4,4,4.0,5,4,4.5,5,4
Low Stakes,Empathic,4,5,5,4,4.5,4,5,5,4.666666666666667,5,4,5,4.666666666666667,女,31-40岁,硕士,职员（从事一般性事务工作的人员）,4,5,5,4.666666666666667,5,4,4.5,4,5,4.5,5,5
Low Stakes,Empathic,5,5,4,4,4.5,5,4,5,4.666666666666667,5,5,4,4.666666666666667,女,41-50岁,博士,专业技术人员（教师、医生、工程技术人员、作家等专业人员）,5,4,5,4.666666666666667,5,4,4.5,4,5,4.5,5,4
Low Stakes,Outcome,4,5,3,4,4.0,4,5,4,4.333333333333333,5,5,4,4.666666666666667,男,21-30岁,本科,职员（从事一般性事务工作的人员）,5,4,5,4.666666666666667,4,4,4.0,5,4,4.5,5,3
Low Stakes,Empathic,5,4,4,5,4.5,5,4,4,4.333333333333333,5,4,4,4.333333333333333,女,31-40岁,本科,专业技术人员（教师、医生、工程技术人员、作家等专业人员）,5,4,4,4.333333333333333,5,4,4.5,5,4,4.5,4,4
High Stakes,Process,2,2,5,4,3.25,4,5,4,4.333333333333333,4,4,5,4.333333333333333,男,21-30岁,本科,职员（从事一般性事务工作的人员）,4,5,5,4.666666666666667,4,4,4.0,5,4,4.5,5,4
High Stakes,Empathic,1,2,2,1,1.5,3,2,3,2.6666666666666665,1,2,2,1.6666666666666667,男,31-40岁,本科,专业技术人员（教师、医生、工程技术人员、作家等专业人员）,4,5,4,4.333333333333333,5,4,4.5,5,4,4.5,4,5
High Stakes,Process,4,3,3,4,3.5,4,5,4,4.333333333333333,3,3,4,3.3333333333333335,男,21-30岁,专科,产业工人,4,5,5,4.666666666666667,4,5,4.5,4,3,3.5,4,5
Low Stakes,Empathic,5,4,5,4,4.5,4,5,4,4.333333333333333,5,4,4,4.333333333333333,男,21-30岁,本科,第三产业服务人员,3,5,4,4.0,5,4,4.5,5,4,4.5,4,4
High Stakes,Outcome,1,1,2,1,1.25,2,2,1,1.6666666666666667,1,2,1,1.3333333333333333,女,51-60岁,硕士,私营企业主,2,2,1,1.6666666666666667,3,4,3.5,4,2,3.0,3,4
Low Stakes,Process,5,5,4,5,4.75,5,5,4,4.666666666666667,4,4,5,4.333333333333333,男,21-30岁,硕士,职员（从事一般性事务工作的人员）,4,4,5,4.333333333333333,5,4,4.5,5,5,5.0,5,5
High Stakes,Process,5,4,4,5,4.5,5,4,4,4.333333333333333,5,4,3,4.0,女,31-40岁,本科,自由职业者,5,5,4,4.666666666666667,4,5,4.5,3,4,3.5,5,4
High Stakes,Process,2,2,2,2,2.0,4,2,2,2.6666666666666665,2,2,2,2.0,男,31-40岁,专科,职员（从事一般性事务工作的人员）,4,4,4,4.0,4,4,4.0,4,4,4.0,4,4
High Stakes,Outcome,2,1,1,3,1.75,4,3,3,3.3333333333333335,1,2,2,1.6666666666666667,女,41-50岁,本科,职员（从事一般性事务工作的人员）,4,3,4,3.6666666666666665,3,4,3.5,4,5,4.5,4,5
Low Stakes,Empathic,5,5,4,5,4.75,4,4,5,4.333333333333333,4,5,5,4.666666666666667,男,31-40岁,硕士,专业技术人员（教师、医生、工程技术人员、作家等专业人员）,5,5,4,4.666666666666667,4,5,4.5,4,4,4.0,5,5
High Stakes,Process,4,4,5,5,4.5,4,5,4,4.333333333333333,5,5,4,4.666666666666667,女,51-60岁,硕士,专业技术人员（教师、医生、工程技术人员、作家等专业人员）,4,4,5,4.333333333333333,4,5,4.5,5,4,4.5,5,4
Low Stakes,Process,4,5,4,5,4.5,4,5,4,4.333333333333333,4,4,5,4.333333333333333,女,21-30岁,本科,专业技术人员（教师、医生、工程技术人员、作家等专业人员）,4,5,4,4.333333333333333,4,5,4.5,5,4,4.5,4,5
Low Stakes,Empathic,5,5,4,5,4.75,5,4,5,4.666666666666667,5,5,4,4.666666666666667,女,31-40岁,本科,商务人员,5,5,4,4.666666666666667,4,4,4.0,5,5,5.0,5,5
Low Stakes,Outcome,4,5,4,5,4.5,4,5,5,4.666666666666667,4,5,5,4.666666666666667,男,21-30岁,本科,专业技术人员（教师、医生、工程技术人员、作家等专业人员）,5,5,5,5.0,4,5,4.5,4,4,4.0,4,5
Low Stakes,Process,4,5,3,3,3.75,4,5,4,4.333333333333333,4,5,3,4.0,男,31-40岁,本科,商务人员,4,5,4,4.333333333333333,4,5,4.5,4,4,4.0,4,5
Low Stakes,Process,4,5,3,3,3.75,4,5,4,4.333333333333333,4,5,3,4.0,男,21-30岁,本科,商务人员,4,5,4,4.333333333333333,4,5,4.5,4,4,4.0,4,5
Low Stakes,Outcome,5,4,4,5,4.5,4,5,4,4.333333333333333,4,5,3,4.0,男,21-30岁,本科,第三产业服务人员,4,5,4,4.333333333333333,4,4,4.0,5,5,5.0,5,5
Low Stakes,Outcome,5,4,4,5,4.5,4,5,4,4.333333333333333,4,5,3,4.0,男,21-30岁,本科,第三产业服务人员,4,5,4,4.333333333333333,4,4,4.0,5,5,5.0,5,4
Low Stakes,Process,5,4,4,5,4.5,4,5,3,4.0,4,5,4,4.333333333333333,男,21-30岁,本科,学生,5,4,3,4.0,1,4,2.5,5,4,4.5,4,5
High Stakes,Empathic,1,2,2,1,1.5,3,2,3,2.6666666666666665,3,1,2,2.0,男,31-40岁,本科,专业技术人员（教师、医生、工程技术人员、作家等专业人员）,2,3,1,2.0,4,4,4.0,5,3,4.0,5,4
High Stakes,Outcome,2,1,1,1,1.25,2,1,2,1.6666666666666667,1,2,1,1.3333333333333333,女,31-40岁,硕士,专业技术人员（教师、医生、工程技术人员、作家等专业人员）,4,5,4,4.333333333333333,5,5,5.0,4,5,4.5,4,5
High Stakes,Outcome,4,5,4,5,4.5,5,4,5,4.666666666666667,4,5,4,4.333333333333333,女,31-40岁,硕士,专业技术人员（教师、医生、工程技术人员、作家等专业人员）,5,4,5,4.666666666666667,4,5,4.5,5,4,4.5,4,5
High Stakes,Outcome,2,1,2,2,1.75,2,1,2,1.6666666666666667,1,2,2,1.6666666666666667,女,60岁以上,硕士,各级政府部门、企事业单位、党政机关和公众团体领导者,4,4,5,4.333333333333333,4,5,4.5,4,5,4.5,4,4
High Stakes,Empathic,1,2,2,1,1.5,3,2,3,2.6666666666666665,3,1,2,2.0,男,21-30岁,本科,职员（从事一般性事务工作的人员）,2,3,1,2.0,4,4,4.0,5,3,4.0,5,4
High Stakes,Empathic,1,2,2,1,1.5,3,2,3,2.6666666666666665,3,1,2,2.0,男,21-30岁,本科,专业技术人员（教师、医生、工程技术人员、作家等专业人员）,2,3,1,2.0,4,4,4.0,5,3,4.0,5,4
High Stakes,Process,4,5,3,3,3.75,4,5,4,4.333333333333333,4,5,3,4.0,男,41-50岁,本科,专业技术人员（教师、医生、工程技术人员、作家等专业人员）,4,5,4,4.333333333333333,4,5,4.5,4,4,4.0,4,5
Low Stakes,Process,4,5,3,5,4.25,4,4,5,4.333333333333333,5,5,4,4.666666666666667,女,31-40岁,专科,职员（从事一般性事务工作的人员）,4,5,5,4.666666666666667,4,5,4.5,4,4,4.0,5,5
High Stakes,Process,2,1,2,1,1.5,3,2,1,2.0,2,1,2,1.6666666666666667,男,21-30岁,本科,各级政府部门、企事业单位、党政机关和公众团体领导者,2,3,1,2.0,4,2,3.0,2,1,1.5,3,2
High Stakes,Process,2,1,2,1,1.5,3,2,1,2.0,2,1,2,1.6666666666666667,男,21-30岁,本科,各级政府部门、企事业单位、党政机关和公众团体领导者,2,3,1,2.0,4,2,3.0,2,1,1.5,3,2
Low Stakes,Process,4,4,3,4,3.75,4,4,4,4.0,4,4,3,3.6666666666666665,男,31-40岁,本科,职员（从事一般性事务工作的人员）,4,4,4,4.0,4,4,4.0,3,4,3.5,4,4
High Stakes,Empathic,2,2,3,3,2.5,3,2,3,2.6666666666666665,2,2,3,2.3333333333333335,男,21-30岁,本科,专业技术人员（教师、医生、工程技术人员、作家等专业人员）,3,3,3,3.0,4,4,4.0,5,4,4.5,4,5
High Stakes,Process,5,4,4,5,4.5,4,5,4,4.333333333333333,4,5,4,4.333333333333333,男,31-40岁,硕士,专业技术人员（教师、医生、工程技术人员、作家等专业人员）,5,5,4,4.666666666666667,5,4,4.5,4,5,4.5,4,5
High Stakes,Empathic,2,2,1,2,1.75,1,1,2,1.3333333333333333,2,1,2,1.6666666666666667,女,31-40岁,硕士,专业技术人员（教师、医生、工程技术人员、作家等专业人员）,5,4,5,4.666666666666667,5,4,4.5,4,5,4.5,4,4
High Stakes,Outcome,1,1,2,1,1.25,2,2,1,1.6666666666666667,2,1,1,1.3333333333333333,女,31-40岁,硕士,专业技术人员（教师、医生、工程技术人员、作家等专业人员）,4,5,5,4.666666666666667,4,4,4.0,5,4,4.5,5,5
Low Stakes,Empathic,5,4,3,4,4.0,4,4,5,4.333333333333333,4,4,5,4.333333333333333,女,21-30岁,硕士,专业技术人员（教师、医生、工程技术人员、作家等专业人员）,4,4,4,4.0,4,5,4.5,4,4,4.0,4,4
Low Stakes,Process,5,4,4,5,4.5,5,4,4,4.333333333333333,4,5,5,4.666666666666667,男,41-50岁,本科,私营企业主,5,4,4,4.333333333333333,4,5,4.5,4,4,4.0,5,4
High Stakes,Outcome,2,1,2,1,1.5,1,1,2,1.3333333333333333,2,1,1,1.3333333333333333,男,51-60岁,本科,商务人员,4,5,4,4.333333333333333,5,5,5.0,4,4,4.0,5,4
Low Stakes,Process,4,5,4,5,4.5,4,4,5,4.333333333333333,4,5,4,4.333333333333333,女,31-40岁,本科,专业技术人员（教师、医生、工程技术人员、作家等专业人员）,4,5,5,4.666666666666667,5,4,4.5,5,4,4.5,5,4
Low Stakes,Empathic,4,4,3,4,3.75,5,4,4,4.333333333333333,5,5,4,4.666666666666667,男,21-30岁,本科,学生,5,4,5,4.666666666666667,5,4,4.5,5,4,4.5,4,3
High Stakes,Outcome,2,1,2,2,1.75,1,2,2,1.6666666666666667,2,1,2,1.6666666666666667,男,31-40岁,本科,职员（从事一般性事务工作的人员）,5,4,4,4.333333333333333,5,4,4.5,5,5,5.0,4,5
High Stakes,Outcome,4,4,3,4,3.75,4,4,5,4.333333333333333,4,4,3,3.6666666666666665,男,31-40岁,本科,专业技术人员（教师、医生、工程技术人员、作家等专业人员）,4,4,5,4.333333333333333,4,5,4.5,5,4,4.5,4,5
High Stakes,Empathic,1,2,1,3,1.75,1,3,2,2.0,2,1,3,2.0,男,31-40岁,本科,私营企业主,3,1,2,2.0,4,5,4.5,4,3,3.5,4,5
High Stakes,Empathic,1,2,1,3,1.75,1,3,2,2.0,2,1,3,2.0,男,21-30岁,本科,私营企业主,3,1,2,2.0,4,5,4.5,4,3,3.5,4,5
Low Stakes,Outcome,5,4,4,5,4.5,5,4,5,4.666666666666667,4,5,4,4.333333333333333,男,21-30岁,本科,学生,5,4,5,4.666666666666667,4,5,4.5,4,5,4.5,5,4
High Stakes,Empathic,4,5,4,4,4.25,4,4,4,4.0,4,4,4,4.0,女,31-40岁,本科,各级政府部门、企事业单位、党政机关和公众团体领导者,4,4,5,4.333333333333333,4,5,4.5,5,4,4.5,4,4
High Stakes,Outcome,1,2,1,2,1.5,2,1,2,1.6666666666666667,1,2,1,1.3333333333333333,男,21-30岁,本科,专业技术人员（教师、医生、工程技术人员、作家等专业人员）,5,4,5,4.666666666666667,4,5,4.5,4,5,4.5,4,5
Low Stakes,Outcome,5,4,4,5,4.5,5,4,5,4.666666666666667,4,5,4,4.333333333333333,女,21-30岁,本科,职员（从事一般性事务工作的人员）,5,4,5,4.666666666666667,4,5,4.5,4,5,4.5,5,4
High Stakes,Outcome,1,2,1,2,1.5,2,1,2,1.6666666666666667,1,2,1,1.3333333333333333,男,31-40岁,本科,职员（从事一般性事务工作的人员）,5,4,5,4.666666666666667,4,5,4.5,4,5,4.5,4,5
High Stakes,Process,3,4,3,3,3.25,4,4,2,3.3333333333333335,4,4,3,3.6666666666666665,女,31-40岁,初中,产业工人,4,2,4,3.3333333333333335,4,4,4.0,4,2,3.0,3,4
High Stakes,Outcome,4,5,4,4,4.25,4,5,5,4.666666666666667,5,4,5,4.666666666666667,男,51-60岁,本科,专业技术人员（教师、医生、工程技术人员、作家等专业人员）,4,4,5,4.333333333333333,5,4,4.5,4,5,4.5,4,5
High Stakes,Process,2,1,2,1,1.5,2,3,2,2.3333333333333335,1,2,1,1.3333333333333333,男,21-30岁,本科,专业技术人员（教师、医生、工程技术人员、作家等专业人员）,4,5,4,4.333333333333333,5,4,4.5,5,4,4.5,4,5
High Stakes,Process,2,1,2,1,1.5,2,3,2,2.3333333333333335,1,2,1,1.3333333333333333,女,21-30岁,本科,专业技术人员（教师、医生、工程技术人员、作家等专业人员）,4,5,4,4.333333333333333,5,4,4.5,5,4,4.5,4,5
Low Stakes,Empathic,4,5,4,4,4.25,4,5,5,4.666666666666667,5,4,5,4.666666666666667,男,21-30岁,本科,专业技术人员（教师、医生、工程技术人员、作家等专业人员）,4,4,5,4.333333333333333,5,4,4.5,4,5,4.5,5,4
High Stakes,Process,3,3,3,2,2.75,4,4,5,4.333333333333333,3,3,2,2.6666666666666665,女,31-40岁,本科,职员（从事一般性事务工作的人员）,4,5,4,4.333333333333333,4,4,4.0,5,3,4.0,4,4
Low Stakes,Empathic,5,5,4,5,4.75,5,4,5,4.666666666666667,5,5,4,4.666666666666667,男,31-40岁,本科,职员（从事一般性事务工作的人员）,5,5,4,4.666666666666667,4,5,4.5,4,5,4.5,5,5
Low Stakes,Outcome,5,4,4,5,4.5,5,4,5,4.666666666666667,4,5,4,4.333333333333333,男,21-30岁,本科,职员（从事一般性事务工作的人员）,5,4,5,4.666666666666667,4,5,4.5,4,5,4.5,5,4
High Stakes,Empathic,4,3,4,5,4.0,4,5,4,4.333333333333333,4,5,3,4.0,男,21-30岁,本科,专业技术人员（教师、医生、工程技术人员、作家等专业人员）,5,4,4,4.333333333333333,5,4,4.5,5,3,4.0,4,3
Low Stakes,Outcome,5,4,4,5,4.5,5,4,5,4.666666666666667,4,5,4,4.333333333333333,男,21-30岁,本科,职员（从事一般性事务工作的人员）,5,4,5,4.666666666666667,4,5,4.5,4,5,4.5,5,4
Low Stakes,Empathic,4,5,4,4,4.25,5,4,4,4.333333333333333,4,5,4,4.333333333333333,男,51-60岁,本科,专业技术人员（教师、医生、工程技术人员、作家等专业人员）,4,4,5,4.333333333333333,5,5,5.0,4,5,4.5,3,4
High Stakes,Outcome,2,1,2,2,1.75,2,1,2,1.6666666666666667,1,2,2,1.6666666666666667,女,31-40岁,本科,职员（从事一般性事务工作的人员）,4,5,4,4.333333333333333,5,5,5.0,4,4,4.0,4,5
Low Stakes,Process,4,5,4,5,4.5,5,4,5,4.666666666666667,4,5,4,4.333333333333333,女,21-30岁,本科,职员（从事一般性事务工作的人员）,5,4,5,4.666666666666667,4,5,4.5,5,4,4.5,5,4
High Stakes,Process,2,1,2,1,1.5,2,3,2,2.3333333333333335,1,2,1,1.3333333333333333,男,21-30岁,本科,学生,4,5,4,4.333333333333333,5,4,4.5,5,4,4.5,4,5
High Stakes,Empathic,4,5,4,4,4.25,4,5,4,4.333333333333333,5,4,4,4.333333333333333,男,31-40岁,硕士,各级政府部门、企事业单位、党政机关和公众团体领导者,4,5,4,4.333333333333333,4,4,4.0,5,4,4.5,4,5
Low Stakes,Outcome,4,5,4,4,4.25,5,5,4,4.666666666666667,4,5,5,4.666666666666667,男,31-40岁,本科,各级政府部门、企事业单位、党政机关和公众团体领导者,5,4,5,4.666666666666667,5,5,5.0,4,4,4.0,4,5
High Stakes,Empathic,4,4,5,4,4.25,5,4,4,4.333333333333333,4,5,4,4.333333333333333,男,21-30岁,本科,职员（从事一般性事务工作的人员）,4,5,4,4.333333333333333,5,4,4.5,5,5,5.0,4,5
High Stakes,Process,2,2,3,2,2.25,2,3,2,2.3333333333333335,2,2,1,1.6666666666666667,女,0-20岁,普高/中专/技校/职高,职员（从事一般性事务工作的人员）,3,3,2,2.6666666666666665,4,5,4.5,5,3,4.0,5,4
High Stakes,Outcome,4,4,3,3,3.5,4,4,4,4.0,4,4,3,3.6666666666666665,女,41-50岁,本科,各级政府部门、企事业单位、党政机关和公众团体领导者,4,4,3,3.6666666666666665,4,4,4.0,3,3,3.0,4,4
Low Stakes,Process,5,4,3,4,4.0,4,5,4,4.333333333333333,5,4,4,4.333333333333333,女,31-40岁,本科,各级政府部门、企事业单位、党政机关和公众团体领导者,5,4,5,4.666666666666667,5,4,4.5,4,5,4.5,5,4
High Stakes,Outcome,2,1,3,3,2.25,3,2,3,2.6666666666666665,2,1,3,2.0,男,31-40岁,本科,职员（从事一般性事务工作的人员）,3,3,4,3.3333333333333335,3,3,3.0,1,2,1.5,3,4
Low Stakes,Empathic,4,4,3,4,3.75,4,4,4,4.0,4,5,5,4.666666666666667,男,31-40岁,本科,各级政府部门、企事业单位、党政机关和公众团体领导者,4,5,5,4.666666666666667,4,4,4.0,4,4,4.0,5,5
High Stakes,Empathic,4,4,3,2,3.25,2,1,1,1.3333333333333333,2,1,2,1.6666666666666667,男,31-40岁,硕士,职员（从事一般性事务工作的人员）,4,5,4,4.333333333333333,4,4,4.0,5,5,5.0,4,5
Low Stakes,Outcome,4,3,5,4,4.0,4,5,3,4.0,5,3,4,4.0,女,21-30岁,硕士,专业技术人员（教师、医生、工程技术人员、作家等专业人员）,4,5,4,4.333333333333333,4,5,4.5,5,3,4.0,5,4
High Stakes,Process,4,4,5,4,4.25,5,4,5,4.666666666666667,4,5,5,4.666666666666667,男,51-60岁,本科,专业技术人员（教师、医生、工程技术人员、作家等专业人员）,4,4,5,4.333333333333333,5,4,4.5,5,4,4.5,4,5
Low Stakes,Process,4,4,4,5,4.25,4,5,4,4.333333333333333,4,4,5,4.333333333333333,女,21-30岁,本科,自由职业者,5,4,4,4.333333333333333,5,5,5.0,5,4,4.5,4,5
Low Stakes,Empathic,4,5,4,4,4.25,5,4,5,4.666666666666667,4,5,4,4.333333333333333,男,60岁以上,本科,职员（从事一般性事务工作的人员）,4,5,4,4.333333333333333,5,4,4.5,5,4,4.5,5,4
Low Stakes,Process,5,4,5,5,4.75,4,4,5,4.333333333333333,5,4,5,4.666666666666667,男,41-50岁,硕士,专业技术人员（教师、医生、工程技术人员、作家等专业人员）,5,4,4,4.333333333333333,5,5,5.0,4,5,4.5,4,5
High Stakes,Outcome,4,5,4,5,4.5,5,5,4,4.666666666666667,4,5,4,4.333333333333333,女,51-60岁,硕士,专业技术人员（教师、医生、工程技术人员、作家等专业人员）,4,5,4,4.333333333333333,5,5,5.0,4,4,4.0,5,4
High Stakes,Process,5,4,5,5,4.75,4,4,5,4.333333333333333,4,5,4,4.333333333333333,女,41-50岁,硕士,专业技术人员（教师、医生、工程技术人员、作家等专业人员）,5,5,4,4.666666666666667,5,4,4.5,4,5,4.5,5,4
Low Stakes,Outcome,2,2,2,3,2.25,4,5,5,4.666666666666667,3,1,2,2.0,女,21-30岁,本科,学生,4,4,4,4.0,2,1,1.5,4,4,4.0,5,5
Low Stakes,Process,3,3,3,4,3.25,4,3,4,3.6666666666666665,3,3,3,3.0,女,0-20岁,本科,学生,4,4,3,3.6666666666666665,4,3,3.5,4,3,3.5,3,4
Low Stakes,Outcome,3,3,3,3,3.0,3,3,2,2.6666666666666665,3,3,2,2.6666666666666665,女,21-30岁,本科,学生,4,4,4,4.0,3,4,3.5,4,3,3.5,3,4
Low Stakes,Outcome,4,4,5,4,4.25,4,5,3,4.0,4,3,3,3.3333333333333335,男,31-40岁,本科,职员（从事一般性事务工作的人员）,4,3,4,3.6666666666666665,4,4,4.0,5,3,4.0,4,4
High Stakes,Outcome,3,3,2,3,2.75,4,4,4,4.0,3,4,4,3.6666666666666665,女,41-50岁,硕士,各级政府部门、企事业单位、党政机关和公众团体领导者,4,4,5,4.333333333333333,3,3,3.0,5,3,4.0,3,4
Low Stakes,Outcome,5,5,3,5,4.5,4,5,5,4.666666666666667,5,4,5,4.666666666666667,男,21-30岁,本科,专业技术人员（教师、医生、工程技术人员、作家等专业人员）,4,4,5,4.333333333333333,5,5,5.0,4,4,4.0,5,4
Low Stakes,Outcome,4,4,5,4,4.25,5,5,4,4.666666666666667,5,4,5,4.666666666666667,女,21-30岁,本科,职员（从事一般性事务工作的人员）,5,4,5,4.666666666666667,5,5,5.0,4,5,4.5,4,5
High Stakes,Empathic,2,1,2,1,1.5,3,4,4,3.6666666666666665,1,1,2,1.3333333333333333,女,21-30岁,本科,学生,4,5,4,4.333333333333333,3,2,2.5,4,4,4.0,4,4
High Stakes,Empathic,4,4,5,4,4.25,5,4,5,4.666666666666667,5,5,4,4.666666666666667,女,31-40岁,硕士,专业技术人员（教师、医生、工程技术人员、作家等专业人员）,4,5,4,4.333333333333333,5,5,5.0,4,5,4.5,4,5
Low Stakes,Outcome,5,4,5,5,4.75,4,5,4,4.333333333333333,5,4,4,4.333333333333333,女,41-50岁,专科,职员（从事一般性事务工作的人员）,5,4,4,4.333333333333333,4,5,4.5,5,3,4.0,5,4
Low Stakes,Empathic,4,4,3,4,3.75,5,4,4,4.333333333333333,4,4,5,4.333333333333333,男,21-30岁,本科,从事农林牧渔业的劳动者,4,5,4,4.333333333333333,4,4,4.0,5,4,4.5,4,5
Low Stakes,Outcome,4,4,5,5,4.5,4,5,5,4.666666666666667,4,5,5,4.666666666666667,女,31-40岁,硕士,职员（从事一般性事务工作的人员）,5,4,5,4.666666666666667,5,5,5.0,4,4,4.0,5,5
High Stakes,Empathic,2,1,2,2,1.75,2,1,2,1.6666666666666667,2,1,1,1.3333333333333333,男,21-30岁,普高/中专/技校/职高,专业技术人员（教师、医生、工程技术人员、作家等专业人员）,1,2,3,2.0,1,2,1.5,5,4,4.5,4,4
High Stakes,Empathic,3,3,4,3,3.25,4,4,5,4.333333333333333,3,3,3,3.0,女,31-40岁,本科,职员（从事一般性事务工作的人员）,4,5,4,4.333333333333333,4,4,4.0,4,5,4.5,4,5
Low Stakes,Outcome,5,4,5,5,4.75,5,4,5,4.666666666666667,4,5,5,4.666666666666667,男,41-50岁,硕士,第三产业服务人员,4,4,5,4.333333333333333,5,4,4.5,5,5,5.0,5,4
Low Stakes,Outcome,5,4,5,5,4.75,4,5,5,4.666666666666667,5,4,5,4.666666666666667,男,21-30岁,专科,商务人员,4,5,4,4.333333333333333,5,5,5.0,4,5,4.5,4,5
High Stakes,Empathic,3,4,3,4,3.5,4,4,3,3.6666666666666665,4,4,3,3.6666666666666665,女,31-40岁,硕士,各级政府部门、企事业单位、党政机关和公众团体领导者,5,4,4,4.333333333333333,4,5,4.5,5,4,4.5,5,4
High Stakes,Process,3,4,2,3,3.0,4,3,4,3.6666666666666665,3,4,2,3.0,男,31-40岁,本科,职员（从事一般性事务工作的人员）,4,3,4,3.6666666666666665,4,3,3.5,2,3,2.5,4,3
Low Stakes,Outcome,3,3,3,4,3.25,4,3,4,3.6666666666666665,3,3,3,3.0,女,21-30岁,本科,职员（从事一般性事务工作的人员）,4,4,4,4.0,4,4,4.0,3,3,3.0,3,4
Low Stakes,Process,3,3,4,4,3.5,4,3,4,3.6666666666666665,4,4,3,3.6666666666666665,女,31-40岁,本科,职员（从事一般性事务工作的人员）,4,4,5,4.333333333333333,4,4,4.0,5,4,4.5,4,5
Low Stakes,Empathic,4,4,5,5,4.5,5,4,5,4.666666666666667,5,5,4,4.666666666666667,男,51-60岁,本科,专业技术人员（教师、医生、工程技术人员、作家等专业人员）,5,5,4,4.666666666666667,5,5,5.0,4,3,3.5,4,4
Low Stakes,Outcome,4,5,5,4,4.5,4,4,5,4.333333333333333,4,5,4,4.333333333333333,女,31-40岁,硕士,职员（从事一般性事务工作的人员）,4,4,5,4.333333333333333,4,4,4.0,5,4,4.5,4,5
Low Stakes,Outcome,4,5,4,4,4.25,5,4,5,4.666666666666667,4,5,4,4.333333333333333,男,21-30岁,本科,专业技术人员（教师、医生、工程技术人员、作家等专业人员）,5,4,5,4.666666666666667,4,5,4.5,4,4,4.0,5,4
Low Stakes,Outcome,4,5,4,5,4.5,5,4,4,4.333333333333333,4,5,4,4.333333333333333,男,41-50岁,硕士,产业工人,5,4,5,4.666666666666667,5,5,5.0,4,5,4.5,4,4
Low Stakes,Process,5,4,5,5,4.75,4,5,4,4.333333333333333,4,5,5,4.666666666666667,男,51-60岁,本科,产业工人,4,5,5,4.666666666666667,4,5,4.5,4,5,4.5,4,5
Low Stakes,Outcome,5,5,4,5,4.75,5,4,5,4.666666666666667,4,5,4,4.333333333333333,男,31-40岁,本科,专业技术人员（教师、医生、工程技术人员、作家等专业人员）,5,5,4,4.666666666666667,4,4,4.0,5,5,5.0,5,5
High Stakes,Outcome,2,1,3,1,1.75,3,2,3,2.6666666666666665,1,2,1,1.3333333333333333,女,21-30岁,本科,学生,2,3,2,2.3333333333333335,2,1,1.5,3,1,2.0,4,3
High Stakes,Empathic,2,2,1,3,2.0,3,2,3,2.6666666666666665,2,3,3,2.6666666666666665,女,21-30岁,本科,学生,3,4,3,3.3333333333333335,4,3,3.5,4,3,3.5,4,4
Low Stakes,Process,4,5,3,4,4.0,5,4,4,4.333333333333333,3,5,4,4.0,男,21-30岁,硕士,专业技术人员（教师、医生、工程技术人员、作家等专业人员）,5,4,4,4.333333333333333,5,3,4.0,5,4,4.5,5,4
High Stakes,Empathic,1,3,4,2,2.5,4,4,5,4.333333333333333,2,3,2,2.3333333333333335,男,31-40岁,普高/中专/技校/职高,职员（从事一般性事务工作的人员）,4,4,4,4.0,4,5,4.5,5,4,4.5,5,4
High Stakes,Empathic,4,5,4,5,4.5,4,5,4,4.333333333333333,5,4,4,4.333333333333333,男,41-50岁,普高/中专/技校/职高,各级政府部门、企事业单位、党政机关和公众团体领导者,5,4,5,4.666666666666667,5,5,5.0,4,4,4.0,4,4
Low Stakes,Process,4,5,4,5,4.5,4,5,4,4.333333333333333,4,5,4,4.333333333333333,男,31-40岁,本科,各级政府部门、企事业单位、党政机关和公众团体领导者,4,5,4,4.333333333333333,4,5,4.5,4,5,4.5,4,5
Low Stakes,Process,5,4,5,5,4.75,4,5,4,4.333333333333333,4,5,5,4.666666666666667,男,21-30岁,硕士,职员（从事一般性事务工作的人员）,4,5,5,4.666666666666667,4,5,4.5,4,5,4.5,4,4
Low Stakes,Process,4,4,3,4,3.75,5,4,4,4.333333333333333,4,5,4,4.333333333333333,男,21-30岁,本科,专业技术人员（教师、医生、工程技术人员、作家等专业人员）,4,5,4,4.333333333333333,4,5,4.5,4,4,4.0,4,4
Low Stakes,Empathic,4,5,3,4,4.0,4,4,5,4.333333333333333,4,4,3,3.6666666666666665,女,31-40岁,专科,职员（从事一般性事务工作的人员）,4,5,4,4.333333333333333,4,5,4.5,4,3,3.5,3,4
High Stakes,Process,2,2,1,3,2.0,4,3,4,3.6666666666666665,2,2,3,2.3333333333333335,女,21-30岁,本科,职员（从事一般性事务工作的人员）,4,5,4,4.333333333333333,4,5,4.5,5,4,4.5,3,4
High Stakes,Outcome,3,3,4,4,3.5,4,5,4,4.333333333333333,4,4,3,3.6666666666666665,男,31-40岁,本科,专业技术人员（教师、医生、工程技术人员、作家等专业人员）,4,3,4,3.6666666666666665,5,5,5.0,4,4,4.0,4,4
High Stakes,Outcome,4,5,5,4,4.5,5,5,4,4.666666666666667,5,5,4,4.666666666666667,女,21-30岁,本科,职员（从事一般性事务工作的人员）,5,4,4,4.333333333333333,5,5,5.0,5,4,4.5,4,5
High Stakes,Outcome,2,3,2,4,2.75,4,3,3,3.3333333333333335,3,4,2,3.0,男,21-30岁,本科,职员（从事一般性事务工作的人员）,4,4,3,3.6666666666666665,4,4,4.0,5,3,4.0,4,5
Low Stakes,Empathic,4,4,5,5,4.5,4,5,5,4.666666666666667,4,5,5,4.666666666666667,女,60岁以上,初中,离退休人员,5,4,5,4.666666666666667,5,4,4.5,5,5,5.0,5,5
Low Stakes,Outcome,5,5,4,5,4.75,5,4,5,4.666666666666667,5,5,4,4.666666666666667,男,31-40岁,硕士,职员（从事一般性事务工作的人员）,4,4,5,4.333333333333333,5,4,4.5,5,5,5.0,4,5
High Stakes,Process,2,2,2,2,2.0,3,3,3,3.0,2,2,2,2.0,女,21-30岁,本科,私营企业主,3,3,3,3.0,4,4,4.0,4,4,4.0,4,4
High Stakes,Process,4,3,4,3,3.5,4,3,4,3.6666666666666665,4,3,4,3.6666666666666665,男,41-50岁,普高/中专/技校/职高,专业技术人员（教师、医生、工程技术人员、作家等专业人员）,4,5,5,4.666666666666667,4,5,4.5,5,4,4.5,4,5
High Stakes,Process,4,5,4,4,4.25,5,4,5,4.666666666666667,5,4,5,4.666666666666667,男,51-60岁,硕士,职员（从事一般性事务工作的人员）,4,5,4,4.333333333333333,5,4,4.5,5,4,4.5,5,4
Low Stakes,Process,5,4,4,5,4.5,5,4,4,4.333333333333333,4,5,5,4.666666666666667,男,21-30岁,本科,职员（从事一般性事务工作的人员）,5,4,4,4.333333333333333,4,5,4.5,4,5,4.5,5,4
Low Stakes,Outcome,5,4,3,4,4.0,5,4,4,4.333333333333333,4,5,5,4.666666666666667,男,21-30岁,本科,职员（从事一般性事务工作的人员）,5,4,4,4.333333333333333,4,5,4.5,4,5,4.5,5,4
High Stakes,Empathic,2,2,1,3,2.0,3,4,4,3.6666666666666665,2,1,2,1.6666666666666667,男,21-30岁,本科,各级政府部门、企事业单位、党政机关和公众团体领导者,3,4,4,3.6666666666666665,5,4,4.5,4,5,4.5,4,5
Low Stakes,Process,4,4,3,4,3.75,4,3,4,3.6666666666666665,4,4,3,3.6666666666666665,男,31-40岁,本科,职员（从事一般性事务工作的人员）,4,4,5,4.333333333333333,4,4,4.0,4,3,3.5,3,4
Low Stakes,Outcome,4,5,5,4,4.5,5,4,5,4.666666666666667,4,5,3,4.0,女,31-40岁,本科,职员（从事一般性事务工作的人员）,4,5,5,4.666666666666667,4,5,4.5,4,4,4.0,3,5
Low Stakes,Outcome,5,5,4,4,4.5,4,5,4,4.333333333333333,5,4,5,4.666666666666667,女,21-30岁,硕士,专业技术人员（教师、医生、工程技术人员、作家等专业人员）,4,4,5,4.333333333333333,5,4,4.5,5,3,4.0,4,5
Low Stakes,Empathic,2,3,5,4,3.5,5,4,5,4.666666666666667,4,3,4,3.6666666666666665,男,21-30岁,专科,产业工人,4,5,4,4.333333333333333,5,4,4.5,4,5,4.5,4,5
Low Stakes,Outcome,5,4,4,5,4.5,4,5,5,4.666666666666667,4,5,4,4.333333333333333,女,31-40岁,硕士,职员（从事一般性事务工作的人员）,4,5,5,4.666666666666667,4,5,4.5,4,4,4.0,4,5
Low Stakes,Empathic,4,4,5,5,4.5,5,5,4,4.666666666666667,4,5,5,4.666666666666667,女,31-40岁,本科,职员（从事一般性事务工作的人员）,5,5,5,5.0,5,5,5.0,5,5,5.0,5,5
Low Stakes,Outcome,4,4,3,4,3.75,4,4,4,4.0,4,4,3,3.6666666666666665,女,31-40岁,本科,私营企业主,4,4,4,4.0,4,4,4.0,4,3,3.5,4,4
Low Stakes,Empathic,5,4,5,5,4.75,5,4,5,4.666666666666667,4,5,5,4.666666666666667,女,0-20岁,本科,学生,4,5,4,4.333333333333333,5,4,4.5,5,5,5.0,4,5
Low Stakes,Outcome,3,4,2,4,3.25,4,3,4,3.6666666666666665,3,4,3,3.3333333333333335,女,31-40岁,专科,专业技术人员（教师、医生、工程技术人员、作家等专业人员）,4,3,4,3.6666666666666665,4,3,3.5,4,2,3.0,3,4
High Stakes,Empathic,2,1,2,1,1.5,2,2,1,1.6666666666666667,1,2,1,1.3333333333333333,男,21-30岁,硕士,专业技术人员（教师、医生、工程技术人员、作家等专业人员）,2,3,2,2.3333333333333335,2,3,2.5,2,3,2.5,4,3
High Stakes,Process,5,4,4,5,4.5,5,4,4,4.333333333333333,5,5,3,4.333333333333333,女,41-50岁,本科,各级政府部门、企事业单位、党政机关和公众团体领导者,4,5,5,4.666666666666667,5,4,4.5,4,5,4.5,5,5
Low Stakes,Outcome,4,4,5,4,4.25,4,5,5,4.666666666666667,5,4,4,4.333333333333333,男,31-40岁,本科,职员（从事一般性事务工作的人员）,4,5,5,4.666666666666667,4,5,4.5,4,3,3.5,4,5
High Stakes,Outcome,4,5,4,5,4.5,5,4,4,4.333333333333333,5,4,5,4.666666666666667,女,21-30岁,本科,专业技术人员（教师、医生、工程技术人员、作家等专业人员）,4,4,5,4.333333333333333,5,4,4.5,5,5,5.0,4,5
Low Stakes,Empathic,5,4,4,3,4.0,4,5,4,4.333333333333333,4,4,3,3.6666666666666665,女,0-20岁,本科,学生,4,5,5,4.666666666666667,4,5,4.5,5,4,4.5,3,4
Low Stakes,Outcome,4,4,3,4,3.75,4,4,4,4.0,4,4,4,4.0,男,51-60岁,普高/中专/技校/职高,从事农林牧渔业的劳动者,4,4,3,3.6666666666666665,4,4,4.0,3,3,3.0,4,4
High Stakes,Process,1,3,2,3,2.25,5,4,4,4.333333333333333,3,2,2,2.3333333333333335,女,21-30岁,本科,第三产业服务人员,4,5,3,4.0,4,4,4.0,5,3,4.0,3,4
High Stakes,Empathic,3,3,2,2,2.5,4,3,4,3.6666666666666665,3,2,2,2.3333333333333335,女,31-40岁,本科,职员（从事一般性事务工作的人员）,5,4,4,4.333333333333333,4,4,4.0,5,4,4.5,4,4
High Stakes,Process,4,5,4,5,4.5,4,4,5,4.333333333333333,5,4,5,4.666666666666667,女,31-40岁,硕士,专业技术人员（教师、医生、工程技术人员、作家等专业人员）,4,5,5,4.666666666666667,5,4,4.5,5,4,4.5,5,4
High Stakes,Process,4,4,5,5,4.5,5,5,5,5.0,4,5,4,4.333333333333333,男,31-40岁,本科,商务人员,4,5,5,4.666666666666667,5,5,5.0,5,3,4.0,5,5
Low Stakes,Process,4,4,5,4,4.25,4,4,5,4.333333333333333,5,5,4,4.666666666666667,女,21-30岁,本科,各级政府部门、企事业单位、党政机关和公众团体领导者,4,5,5,4.666666666666667,4,4,4.0,3,4,3.5,4,4
Low Stakes,Process,3,3,3,4,3.25,4,4,4,4.0,4,4,3,3.6666666666666665,女,41-50岁,普高/中专/技校/职高,职员（从事一般性事务工作的人员）,4,4,4,4.0,4,4,4.0,3,3,3.0,4,4
High Stakes,Empathic,3,3,2,1,2.25,4,4,4,4.0,3,3,2,2.6666666666666665,男,21-30岁,本科,职员（从事一般性事务工作的人员）,3,4,4,3.6666666666666665,3,4,3.5,4,4,4.0,4,5
High Stakes,Outcome,2,1,1,2,1.5,3,1,2,2.0,1,1,2,1.3333333333333333,男,21-30岁,专科,职员（从事一般性事务工作的人员）,3,3,2,2.6666666666666665,4,4,4.0,5,3,4.0,5,4
High Stakes,Outcome,3,3,4,4,3.5,4,5,4,4.333333333333333,4,4,4,4.0,女,31-40岁,本科,职员（从事一般性事务工作的人员）,4,5,4,4.333333333333333,5,4,4.5,4,4,4.0,4,4
Low Stakes,Outcome,4,5,5,4,4.5,5,5,4,4.666666666666667,4,5,3,4.0,女,31-40岁,硕士,各级政府部门、企事业单位、党政机关和公众团体领导者,5,4,5,4.666666666666667,5,4,4.5,5,5,5.0,4,4
High Stakes,Process,4,5,4,4,4.25,5,5,4,4.666666666666667,5,4,4,4.333333333333333,女,31-40岁,本科,职员（从事一般性事务工作的人员）,5,5,4,4.666666666666667,5,4,4.5,5,4,4.5,5,4
High Stakes,Empathic,5,4,5,5,4.75,5,4,5,4.666666666666667,5,4,4,4.333333333333333,女,31-40岁,本科,各级政府部门、企事业单位、党政机关和公众团体领导者,5,4,5,4.666666666666667,5,5,5.0,4,5,4.5,5,4
High Stakes,Empathic,2,2,3,4,2.75,3,2,4,3.0,1,1,1,1.0,男,21-30岁,本科,学生,5,5,5,5.0,4,4,4.0,5,3,4.0,4,3
High Stakes,Process,3,2,4,3,3.0,3,4,4,3.6666666666666665,4,4,3,3.6666666666666665,女,60岁以上,本科,离退休人员,3,4,4,3.6666666666666665,5,5,5.0,4,4,4.0,5,5
Low Stakes,Empathic,4,4,5,5,4.5,3,4,4,3.6666666666666665,4,5,4,4.333333333333333,女,21-30岁,本科,学生,3,4,4,3.6666666666666665,4,5,4.5,5,3,4.0,2,5
High Stakes,Outcome,3,3,2,2,2.5,3,2,3,2.6666666666666665,2,2,1,1.6666666666666667,女,21-30岁,本科,学生,4,4,4,4.0,3,2,2.5,4,4,4.0,3,4
High Stakes,Process,2,2,3,2,2.25,3,3,3,3.0,3,3,2,2.6666666666666665,女,21-30岁,本科,职员（从事一般性事务工作的人员）,3,4,4,3.6666666666666665,4,4,4.0,4,4,4.0,3,4
High Stakes,Process,4,3,4,2,3.25,3,2,4,3.0,3,2,4,3.0,女,21-30岁,本科,学生,3,4,3,3.3333333333333335,3,4,3.5,4,3,3.5,4,5
Low Stakes,Process,4,4,4,4,4.0,4,4,4,4.0,4,4,4,4.0,女,41-50岁,专科,各级政府部门、企事业单位、党政机关和公众团体领导者,4,4,4,4.0,4,4,4.0,4,4,4.0,4,4
High Stakes,Outcome,2,3,3,3,2.75,4,3,4,3.6666666666666665,3,4,3,3.3333333333333335,男,21-30岁,专科,职员（从事一般性事务工作的人员）,4,5,4,4.333333333333333,4,5,4.5,4,4,4.0,4,4
Low Stakes,Process,4,5,4,4,4.25,4,5,4,4.333333333333333,4,4,4,4.0,男,21-30岁,硕士,学生,5,4,4,4.333333333333333,4,4,4.0,5,5,5.0,4,5
Low Stakes,Outcome,1,2,1,3,1.75,1,2,2,1.6666666666666667,1,2,1,1.3333333333333333,男,31-40岁,本科,专业技术人员（教师、医生、工程技术人员、作家等专业人员）,1,3,2,2.0,2,1,1.5,3,2,2.5,4,3
Low Stakes,Outcome,3,4,3,4,3.5,3,2,4,3.0,4,4,3,3.6666666666666665,男,0-20岁,专科,学生,4,5,3,4.0,4,4,4.0,5,2,3.5,5,5
Low Stakes,Process,4,5,4,4,4.25,4,5,4,4.333333333333333,4,4,5,4.333333333333333,女,41-50岁,本科,各级政府部门、企事业单位、党政机关和公众团体领导者,4,4,5,4.333333333333333,4,4,4.0,5,4,4.5,5,4
High Stakes,Process,3,3,2,2,2.5,3,3,2,2.6666666666666665,2,3,2,2.3333333333333335,女,60岁以上,本科,专业技术人员（教师、医生、工程技术人员、作家等专业人员）,3,3,2,2.6666666666666665,3,3,3.0,2,2,2.0,3,4
Low Stakes,Empathic,4,4,3,3,3.5,4,4,5,4.333333333333333,4,3,4,3.6666666666666665,男,31-40岁,专科,职员（从事一般性事务工作的人员）,4,4,5,4.333333333333333,5,5,5.0,5,3,4.0,4,5
Low Stakes,Empathic,5,4,4,5,4.5,4,5,4,4.333333333333333,4,5,4,4.333333333333333,男,41-50岁,本科,私营企业主,4,5,4,4.333333333333333,4,5,4.5,5,4,4.5,4,5
High Stakes,Outcome,4,5,4,3,4.0,4,5,5,4.666666666666667,4,4,5,4.333333333333333,男,41-50岁,专科,职员（从事一般性事务工作的人员）,4,5,4,4.333333333333333,5,4,4.5,5,4,4.5,4,5
High Stakes,Process,4,4,5,4,4.25,3,5,4,4.0,5,5,2,4.0,男,31-40岁,本科,职员（从事一般性事务工作的人员）,4,4,2,3.3333333333333335,4,5,4.5,5,4,4.5,3,4
High Stakes,Empathic,2,1,2,1,1.5,1,2,1,1.3333333333333333,2,1,2,1.6666666666666667,女,21-30岁,硕士,职员（从事一般性事务工作的人员）,2,1,2,1.6666666666666667,2,1,1.5,5,4,4.5,4,5
Low Stakes,Outcome,4,5,4,4,4.25,4,4,5,4.333333333333333,4,5,5,4.666666666666667,女,31-40岁,本科,各级政府部门、企事业单位、党政机关和公众团体领导者,4,5,4,4.333333333333333,5,5,5.0,4,5,4.5,4,5
High Stakes,Outcome,4,5,4,4,4.25,5,5,5,5.0,5,5,5,5.0,女,21-30岁,本科,产业工人,5,5,5,5.0,5,5,5.0,4,4,4.0,5,5
High Stakes,Empathic,2,1,2,1,1.5,3,3,2,2.6666666666666665,2,1,2,1.6666666666666667,女,21-30岁,本科,职员（从事一般性事务工作的人员）,2,3,3,2.6666666666666665,3,3,3.0,4,4,4.0,4,4
High Stakes,Empathic,2,2,3,3,2.5,4,3,3,3.3333333333333335,3,2,2,2.3333333333333335,女,21-30岁,本科,职员（从事一般性事务工作的人员）,3,3,3,3.0,3,4,3.5,4,4,4.0,4,4
High Stakes,Process,3,3,2,3,2.75,4,3,4,3.6666666666666665,3,3,2,2.6666666666666665,女,21-30岁,本科,学生,4,3,4,3.6666666666666665,4,3,3.5,3,2,2.5,3,4
Low Stakes,Outcome,4,3,5,4,4.0,5,5,4,4.666666666666667,5,4,5,4.666666666666667,女,41-50岁,本科,商务人员,5,4,4,4.333333333333333,5,3,4.0,4,4,4.0,4,5
High Stakes,Process,2,3,2,3,2.5,3,2,3,2.6666666666666665,2,3,3,2.6666666666666665,男,21-30岁,本科,职员（从事一般性事务工作的人员）,4,4,5,4.333333333333333,4,4,4.0,5,3,4.0,4,4
High Stakes,Process,3,3,2,2,2.5,4,3,4,3.6666666666666665,3,3,2,2.6666666666666665,男,21-30岁,本科,专业技术人员（教师、医生、工程技术人员、作家等专业人员）,4,4,4,4.0,4,4,4.0,4,3,3.5,4,4
High Stakes,Process,3,3,2,4,3.0,4,3,4,3.6666666666666665,3,3,2,2.6666666666666665,女,21-30岁,本科,专业技术人员（教师、医生、工程技术人员、作家等专业人员）,4,4,4,4.0,4,5,4.5,4,4,4.0,4,4
High Stakes,Outcome,4,5,4,4,4.25,4,4,5,4.333333333333333,4,5,5,4.666666666666667,男,21-30岁,本科,专业技术人员（教师、医生、工程技术人员、作家等专业人员）,4,5,4,4.333333333333333,4,4,4.0,5,4,4.5,4,5
Low Stakes,Process,5,4,5,3,4.25,5,3,5,4.333333333333333,5,5,5,5.0,男,41-50岁,专科,职员（从事一般性事务工作的人员）,5,5,5,5.0,4,2,3.0,5,3,4.0,3,5
Low Stakes,Process,4,4,5,4,4.25,4,5,4,4.333333333333333,4,5,4,4.333333333333333,男,31-40岁,本科,专业技术人员（教师、医生、工程技术人员、作家等专业人员）,4,5,4,4.333333333333333,4,5,4.5,5,4,4.5,4,4
Low Stakes,Empathic,4,5,4,4,4.25,4,4,5,4.333333333333333,4,5,4,4.333333333333333,女,31-40岁,本科,专业技术人员（教师、医生、工程技术人员、作家等专业人员）,5,4,4,4.333333333333333,5,4,4.5,4,3,3.5,4,4
Low Stakes,Empathic,4,5,4,4,4.25,5,3,4,4.0,4,5,4,4.333333333333333,男,51-60岁,专科,专业技术人员（教师、医生、工程技术人员、作家等专业人员）,4,5,4,4.333333333333333,4,3,3.5,5,3,4.0,5,4
High Stakes,Empathic,4,4,3,4,3.75,5,4,4,4.333333333333333,5,4,4,4.333333333333333,女,41-50岁,专科,产业工人,5,4,4,4.333333333333333,5,4,4.5,4,5,4.5,5,4
High Stakes,Process,2,2,3,2,2.25,3,2,3,2.6666666666666665,2,2,3,2.3333333333333335,男,60岁以上,专科,自由职业者,3,3,2,2.6666666666666665,3,3,3.0,2,2,2.0,3,4
High Stakes,Outcome,2,3,2,3,2.5,4,3,4,3.6666666666666665,3,3,2,2.6666666666666665,男,21-30岁,本科,职员（从事一般性事务工作的人员）,4,4,4,4.0,4,4,4.0,4,3,3.5,4,4
Low Stakes,Process,4,5,3,4,4.0,5,4,5,4.666666666666667,5,4,3,4.0,女,31-40岁,硕士,专业技术人员（教师、医生、工程技术人员、作家等专业人员）,4,4,4,4.0,4,4,4.0,5,4,4.5,4,5
Low Stakes,Empathic,5,5,4,4,4.5,5,5,5,5.0,4,4,3,3.6666666666666665,女,31-40岁,硕士,专业技术人员（教师、医生、工程技术人员、作家等专业人员）,5,5,5,5.0,4,4,4.0,5,5,5.0,5,5
High Stakes,Outcome,2,2,1,2,1.75,4,4,5,4.333333333333333,2,2,1,1.6666666666666667,男,31-40岁,本科,产业工人,4,4,5,4.333333333333333,5,4,4.5,5,4,4.5,5,5
Low Stakes,Outcome,4,5,5,4,4.5,5,4,5,4.666666666666667,5,5,4,4.666666666666667,男,31-40岁,本科,职员（从事一般性事务工作的人员）,4,5,4,4.333333333333333,5,5,5.0,4,5,4.5,4,4
High Stakes,Outcome,4,5,4,5,4.5,5,4,5,4.666666666666667,5,4,4,4.333333333333333,女,21-30岁,本科,职员（从事一般性事务工作的人员）,5,4,5,4.666666666666667,5,4,4.5,4,5,4.5,4,4
Low Stakes,Outcome,5,5,4,5,4.75,5,4,5,4.666666666666667,5,5,4,4.666666666666667,女,51-60岁,普高/中专/技校/职高,职员（从事一般性事务工作的人员）,5,5,4,4.666666666666667,5,5,5.0,4,5,4.5,5,5
High Stakes,Outcome,4,4,5,4,4.25,4,5,5,4.666666666666667,5,4,4,4.333333333333333,女,21-30岁,本科,专业技术人员（教师、医生、工程技术人员、作家等专业人员）,4,5,5,4.666666666666667,5,4,4.5,4,5,4.5,4,5
High Stakes,Outcome,2,1,2,2,1.75,2,1,2,1.6666666666666667,1,2,2,1.6666666666666667,男,41-50岁,本科,职员（从事一般性事务工作的人员）,3,2,2,2.3333333333333335,1,2,1.5,2,3,2.5,5,4
High Stakes,Outcome,2,1,2,2,1.75,2,1,2,1.6666666666666667,1,2,2,1.6666666666666667,男,21-30岁,硕士,职员（从事一般性事务工作的人员）,3,2,2,2.3333333333333335,1,2,1.5,2,3,2.5,5,4
High Stakes,Empathic,1,2,2,2,1.75,2,1,2,1.6666666666666667,2,1,1,1.3333333333333333,女,41-50岁,本科,职员（从事一般性事务工作的人员）,3,2,2,2.3333333333333335,1,2,1.5,2,3,2.5,5,4
High Stakes,Empathic,3,2,3,3,2.75,4,3,3,3.3333333333333335,3,4,3,3.3333333333333335,女,21-30岁,本科,专业技术人员（教师、医生、工程技术人员、作家等专业人员）,4,5,4,4.333333333333333,4,4,4.0,5,4,4.5,3,4
Low Stakes,Process,4,4,5,4,4.25,5,4,5,4.666666666666667,4,4,5,4.333333333333333,女,41-50岁,本科,专业技术人员（教师、医生、工程技术人员、作家等专业人员）,4,5,5,4.666666666666667,5,4,4.5,5,5,5.0,4,5
High Stakes,Empathic,2,2,4,5,3.25,5,5,5,5.0,2,1,2,1.6666666666666667,女,31-40岁,本科,专业技术人员（教师、医生、工程技术人员、作家等专业人员）,4,5,5,4.666666666666667,4,5,4.5,5,4,4.5,5,5
Low Stakes,Empathic,5,4,4,5,4.5,5,4,5,4.666666666666667,5,5,5,5.0,女,31-40岁,普高/中专/技校/职高,私营企业主,5,4,5,4.666666666666667,5,5,5.0,5,5,5.0,4,5
Low Stakes,Process,4,4,4,4,4.0,5,4,4,4.333333333333333,5,5,5,5.0,男,41-50岁,本科,专业技术人员（教师、医生、工程技术人员、作家等专业人员）,4,4,4,4.0,4,4,4.0,5,4,4.5,4,4
Low Stakes,Outcome,4,5,4,4,4.25,5,5,4,4.666666666666667,4,5,3,4.0,男,31-40岁,硕士,职员（从事一般性事务工作的人员）,5,4,5,4.666666666666667,4,5,4.5,5,4,4.5,4,5
High Stakes,Process,4,4,5,4,4.25,5,4,4,4.333333333333333,4,5,4,4.333333333333333,女,21-30岁,硕士,职员（从事一般性事务工作的人员）,4,5,4,4.333333333333333,5,5,5.0,5,4,4.5,4,5
Low Stakes,Process,4,4,4,5,4.25,5,4,4,4.333333333333333,4,5,3,4.0,女,21-30岁,本科,学生,4,5,4,4.333333333333333,4,4,4.0,5,2,3.5,3,4
High Stakes,Empathic,2,1,2,2,1.75,2,2,2,2.0,1,1,2,1.3333333333333333,女,21-30岁,硕士,专业技术人员（教师、医生、工程技术人员、作家等专业人员）,4,4,4,4.0,4,4,4.0,5,4,4.5,4,4
High Stakes,Empathic,4,5,5,5,4.75,4,5,4,4.333333333333333,5,4,4,4.333333333333333,女,21-30岁,专科,自由职业者,5,4,5,4.666666666666667,4,5,4.5,5,3,4.0,4,4
High Stakes,Empathic,2,3,2,3,2.5,3,4,4,3.6666666666666665,3,3,2,2.6666666666666665,女,21-30岁,本科,商务人员,4,4,3,3.6666666666666665,4,4,4.0,5,5,5.0,5,4
Low Stakes,Empathic,4,5,4,4,4.25,5,4,5,4.666666666666667,4,4,5,4.333333333333333,女,21-30岁,本科,学生,5,4,4,4.333333333333333,5,4,4.5,4,5,4.5,4,5
High Stakes,Outcome,3,3,5,3,3.5,4,4,4,4.0,3,3,2,2.6666666666666665,女,31-40岁,本科,职员（从事一般性事务工作的人员）,4,4,4,4.0,4,4,4.0,3,2,2.5,4,4
Low Stakes,Empathic,4,5,4,4,4.25,4,5,5,4.666666666666667,5,4,5,4.666666666666667,女,31-40岁,本科,各级政府部门、企事业单位、党政机关和公众团体领导者,4,5,5,4.666666666666667,4,5,4.5,5,4,4.5,4,4
High Stakes,Outcome,5,4,4,5,4.5,5,4,5,4.666666666666667,4,4,3,3.6666666666666665,男,21-30岁,本科,职员（从事一般性事务工作的人员）,5,5,4,4.666666666666667,4,4,4.0,5,5,5.0,4,5
High Stakes,Outcome,4,4,5,4,4.25,5,3,4,4.0,4,4,5,4.333333333333333,男,21-30岁,本科,职员（从事一般性事务工作的人员）,5,4,5,4.666666666666667,5,4,4.5,4,2,3.0,4,5
Low Stakes,Empathic,3,4,3,3,3.25,4,3,4,3.6666666666666665,3,2,3,2.6666666666666665,女,31-40岁,本科,私营企业主,4,3,4,3.6666666666666665,3,4,3.5,5,3,4.0,4,3
Low Stakes,Outcome,4,5,4,3,4.0,4,5,4,4.333333333333333,5,5,4,4.666666666666667,男,41-50岁,普高/中专/技校/职高,产业工人,5,4,4,4.333333333333333,5,5,5.0,5,4,4.5,5,5
Low Stakes,Empathic,4,4,4,4,4.0,5,5,5,5.0,4,4,4,4.0,男,41-50岁,专科,专业技术人员（教师、医生、工程技术人员、作家等专业人员）,4,4,4,4.0,4,5,4.5,5,4,4.5,4,4
High Stakes,Process,3,2,2,3,2.5,4,3,3,3.3333333333333335,2,3,2,2.3333333333333335,女,21-30岁,本科,职员（从事一般性事务工作的人员）,4,5,4,4.333333333333333,4,4,4.0,3,4,3.5,3,4
Low Stakes,Empathic,5,4,4,5,4.5,4,5,5,4.666666666666667,5,5,4,4.666666666666667,女,41-50岁,专科,职员（从事一般性事务工作的人员）,5,4,4,4.333333333333333,5,5,5.0,4,4,4.0,3,4
Low Stakes,Outcome,5,5,4,4,4.5,4,4,4,4.0,4,5,5,4.666666666666667,男,31-40岁,本科,各级政府部门、企事业单位、党政机关和公众团体领导者,5,5,5,5.0,5,5,5.0,5,4,4.5,4,5
High Stakes,Process,4,5,4,4,4.25,4,5,5,4.666666666666667,5,4,4,4.333333333333333,男,21-30岁,本科,学生,5,4,5,4.666666666666667,4,5,4.5,4,3,3.5,4,5
Low Stakes,Outcome,4,4,5,4,4.25,5,4,5,4.666666666666667,5,5,4,4.666666666666667,女,21-30岁,本科,职员（从事一般性事务工作的人员）,5,5,5,5.0,4,5,4.5,5,4,4.5,5,5
Low Stakes,Process,4,4,5,4,4.25,4,5,3,4.0,4,4,3,3.6666666666666665,女,21-30岁,本科,学生,4,3,5,4.0,4,5,4.5,5,3,4.0,3,4
High Stakes,Empathic,3,4,4,3,3.5,4,4,5,4.333333333333333,4,3,3,3.3333333333333335,女,21-30岁,本科,职员（从事一般性事务工作的人员）,4,5,5,4.666666666666667,4,5,4.5,4,3,3.5,4,4
High Stakes,Process,2,2,3,3,2.5,4,3,4,3.6666666666666665,4,4,4,4.0,女,41-50岁,本科,职员（从事一般性事务工作的人员）,4,4,5,4.333333333333333,4,5,4.5,5,4,4.5,4,5
Low Stakes,Empathic,5,5,4,5,4.75,4,5,4,4.333333333333333,5,5,4,4.666666666666667,男,41-50岁,本科,职员（从事一般性事务工作的人员）,4,5,5,4.666666666666667,5,4,4.5,4,5,4.5,4,5
High Stakes,Process,1,1,1,2,1.25,2,2,1,1.6666666666666667,1,2,1,1.3333333333333333,男,31-40岁,硕士,自由职业者,3,3,3,3.0,3,3,3.0,4,2,3.0,2,1
Low Stakes,Empathic,4,5,4,4,4.25,5,4,5,4.666666666666667,4,5,5,4.666666666666667,男,21-30岁,硕士,专业技术人员（教师、医生、工程技术人员、作家等专业人员）,4,4,5,4.333333333333333,4,4,4.0,5,3,4.0,5,4
Low Stakes,Process,4,4,3,4,3.75,4,4,4,4.0,4,4,3,3.6666666666666665,女,31-40岁,本科,自由职业者,4,4,4,4.0,4,4,4.0,4,3,3.5,3,4
High Stakes,Empathic,1,1,1,2,1.25,2,1,2,1.6666666666666667,1,1,1,1.0,男,31-40岁,本科,商务人员,3,3,3,3.0,3,3,3.0,5,4,4.5,5,5
Low Stakes,Outcome,5,5,4,5,4.75,5,4,4,4.333333333333333,5,4,4,4.333333333333333,女,31-40岁,本科,各级政府部门、企事业单位、党政机关和公众团体领导者,5,5,4,4.666666666666667,4,5,4.5,5,4,4.5,5,5
High Stakes,Empathic,2,1,1,1,1.25,3,1,3,2.3333333333333335,1,1,1,1.0,男,21-30岁,本科,自由职业者,4,5,4,4.333333333333333,5,5,5.0,4,3,3.5,2,4
High Stakes,Outcome,2,2,3,3,2.5,3,3,4,3.3333333333333335,2,3,2,2.3333333333333335,男,31-40岁,本科,专业技术人员（教师、医生、工程技术人员、作家等专业人员）,3,4,3,3.3333333333333335,4,3,3.5,4,2,3.0,3,4
High Stakes,Empathic,1,2,3,3,2.25,2,2,3,2.3333333333333335,2,3,1,2.0,女,0-20岁,普高/中专/技校/职高,学生,3,4,3,3.3333333333333335,4,4,4.0,5,3,4.0,2,4
Low Stakes,Empathic,4,4,5,4,4.25,4,5,4,4.333333333333333,4,4,5,4.333333333333333,女,31-40岁,本科,职员（从事一般性事务工作的人员）,5,4,4,4.333333333333333,5,5,5.0,4,5,4.5,4,4
High Stakes,Process,3,1,2,3,2.25,3,2,2,2.3333333333333335,1,1,1,1.0,男,21-30岁,本科,职员（从事一般性事务工作的人员）,3,3,4,3.3333333333333335,4,4,4.0,5,3,4.0,3,5
High Stakes,Empathic,4,4,3,4,3.75,4,5,3,4.0,4,4,3,3.6666666666666665,女,31-40岁,本科,职员（从事一般性事务工作的人员）,4,5,4,4.333333333333333,4,4,4.0,4,3,3.5,4,4
Low Stakes,Empathic,4,4,3,4,3.75,4,4,5,4.333333333333333,4,4,5,4.333333333333333,女,21-30岁,本科,学生,4,4,5,4.333333333333333,4,4,4.0,5,2,3.5,3,4
Low Stakes,Process,3,4,3,4,3.5,4,4,3,3.6666666666666665,4,4,3,3.6666666666666665,女,21-30岁,硕士,职员（从事一般性事务工作的人员）,5,4,4,4.333333333333333,4,5,4.5,5,4,4.5,4,5
High Stakes,Outcome,3,3,2,2,2.5,2,1,1,1.3333333333333333,1,1,1,1.0,女,21-30岁,硕士,学生,4,4,3,3.6666666666666665,4,5,4.5,5,4,4.5,4,5
High Stakes,Outcome,4,4,5,3,4.0,4,5,4,4.333333333333333,5,4,4,4.333333333333333,男,21-30岁,专科,职员（从事一般性事务工作的人员）,5,5,4,4.666666666666667,5,5,5.0,5,4,4.5,4,5
Low Stakes,Empathic,3,4,2,2,2.75,2,4,3,3.0,2,2,3,2.3333333333333335,女,21-30岁,硕士,学生,3,5,4,4.0,5,5,5.0,5,3,4.0,4,5
Low Stakes,Process,3,4,3,4,3.5,4,3,4,3.6666666666666665,4,3,4,3.6666666666666665,女,31-40岁,本科,自由职业者,5,4,3,4.0,4,5,4.5,4,3,3.5,4,3
Low Stakes,Empathic,5,4,3,4,4.0,4,5,4,4.333333333333333,4,5,4,4.333333333333333,女,21-30岁,本科,专业技术人员（教师、医生、工程技术人员、作家等专业人员）,4,4,5,4.333333333333333,4,5,4.5,4,4,4.0,4,5
Low Stakes,Outcome,4,4,4,4,4.0,4,4,4,4.0,5,5,5,5.0,男,0-20岁,专科,学生,5,5,5,5.0,5,5,5.0,5,4,4.5,4,4
High Stakes,Empathic,4,4,4,4,4.0,4,4,4,4.0,4,4,4,4.0,女,51-60岁,普高/中专/技校/职高,产业工人,4,4,4,4.0,4,5,4.5,4,4,4.0,4,4
High Stakes,Empathic,2,1,1,2,1.5,3,1,2,2.0,1,1,1,1.0,女,31-40岁,本科,职员（从事一般性事务工作的人员）,1,2,1,1.3333333333333333,4,5,4.5,5,4,4.5,2,4
Low Stakes,Outcome,4,5,4,4,4.25,5,4,4,4.333333333333333,5,4,4,4.333333333333333,男,31-40岁,本科,专业技术人员（教师、医生、工程技术人员、作家等专业人员）,5,4,5,4.666666666666667,4,5,4.5,4,4,4.0,4,3
High Stakes,Outcome,4,5,4,4,4.25,5,4,4,4.333333333333333,5,4,5,4.666666666666667,男,31-40岁,本科,职员（从事一般性事务工作的人员）,5,4,4,4.333333333333333,5,4,4.5,5,4,4.5,4,5
Low Stakes,Empathic,5,4,5,5,4.75,4,5,5,4.666666666666667,5,4,4,4.333333333333333,女,41-50岁,本科,专业技术人员（教师、医生、工程技术人员、作家等专业人员）,5,4,5,4.666666666666667,5,4,4.5,5,5,5.0,5,4
High Stakes,Outcome,2,1,3,2,2.0,2,2,1,1.6666666666666667,2,1,2,1.6666666666666667,男,21-30岁,本科,职员（从事一般性事务工作的人员）,2,3,2,2.3333333333333335,3,3,3.0,4,4,4.0,3,4
High Stakes,Outcome,4,3,4,5,4.0,5,4,5,4.666666666666667,4,4,5,4.333333333333333,男,41-50岁,专科,职员（从事一般性事务工作的人员）,4,5,5,4.666666666666667,5,4,4.5,3,4,3.5,4,5
High Stakes,Outcome,4,4,4,3,3.75,4,4,3,3.6666666666666665,4,4,4,4.0,女,21-30岁,硕士,职员（从事一般性事务工作的人员）,4,4,4,4.0,4,4,4.0,5,4,4.5,5,4
Low Stakes,Process,4,5,4,5,4.5,5,5,5,5.0,4,4,3,3.6666666666666665,女,31-40岁,本科,专业技术人员（教师、医生、工程技术人员、作家等专业人员）,5,5,5,5.0,4,5,4.5,4,4,4.0,4,5
High Stakes,Outcome,3,3,3,2,2.75,3,3,4,3.3333333333333335,3,3,1,2.3333333333333335,女,60岁以上,本科,离退休人员,3,4,3,3.3333333333333335,3,3,3.0,4,4,4.0,4,5
Low Stakes,Empathic,5,4,5,5,4.75,4,5,5,4.666666666666667,5,4,4,4.333333333333333,女,21-30岁,本科,专业技术人员（教师、医生、工程技术人员、作家等专业人员）,5,5,4,4.666666666666667,4,5,4.5,5,4,4.5,5,5
High Stakes,Process,3,3,3,2,2.75,3,4,3,3.3333333333333335,3,3,4,3.3333333333333335,男,21-30岁,本科,学生,4,5,4,4.333333333333333,4,5,4.5,5,4,4.5,4,4
Low Stakes,Outcome,4,4,3,4,3.75,4,4,4,4.0,4,4,5,4.333333333333333,男,31-40岁,本科,各级政府部门、企事业单位、党政机关和公众团体领导者,4,5,4,4.333333333333333,4,4,4.0,4,3,3.5,5,4
High Stakes,Empathic,3,3,2,3,2.75,4,5,4,4.333333333333333,2,3,2,2.3333333333333335,男,21-30岁,本科,职员（从事一般性事务工作的人员）,4,5,4,4.333333333333333,4,4,4.0,5,4,4.5,4,5
High Stakes,Outcome,2,2,2,2,2.0,5,5,5,5.0,4,4,4,4.0,男,51-60岁,本科,职员（从事一般性事务工作的人员）,5,5,5,5.0,4,4,4.0,4,4,4.0,4,4
Low Stakes,Empathic,4,5,4,4,4.25,4,4,5,4.333333333333333,4,5,3,4.0,女,31-40岁,本科,职员（从事一般性事务工作的人员）,4,5,4,4.333333333333333,5,5,5.0,5,4,4.5,4,4
Low Stakes,Empathic,4,4,3,4,3.75,4,5,4,4.333333333333333,4,4,3,3.6666666666666665,女,31-40岁,专科,各级政府部门、企事业单位、党政机关和公众团体领导者,5,4,4,4.333333333333333,4,4,4.0,4,3,3.5,5,4
High Stakes,Process,3,4,3,3,3.25,4,4,4,4.0,3,4,3,3.3333333333333335,女,21-30岁,本科,学生,4,4,5,4.333333333333333,4,3,3.5,4,4,4.0,3,4
Low Stakes,Process,4,4,3,3,3.5,4,4,3,3.6666666666666665,3,4,3,3.3333333333333335,男,31-40岁,本科,专业技术人员（教师、医生、工程技术人员、作家等专业人员）,3,4,4,3.6666666666666665,4,4,4.0,5,4,4.5,3,5
Low Stakes,Outcome,4,5,5,5,4.75,5,4,4,4.333333333333333,4,5,5,4.666666666666667,男,41-50岁,硕士,各级政府部门、企事业单位、党政机关和公众团体领导者,5,5,4,4.666666666666667,5,5,5.0,5,4,4.5,4,5
Low Stakes,Empathic,3,3,4,4,3.5,3,3,4,3.3333333333333335,3,3,2,2.6666666666666665,男,21-30岁,硕士,学生,4,4,4,4.0,4,4,4.0,5,3,4.0,2,4
High Stakes,Process,4,4,5,4,4.25,3,4,4,3.6666666666666665,4,4,3,3.6666666666666665,女,31-40岁,本科,职员（从事一般性事务工作的人员）,3,4,3,3.3333333333333335,4,4,4.0,5,4,4.5,3,3
Low Stakes,Empathic,4,4,5,5,4.5,5,4,3,4.0,5,4,4,4.333333333333333,女,31-40岁,硕士,专业技术人员（教师、医生、工程技术人员、作家等专业人员）,4,3,4,3.6666666666666665,5,5,5.0,5,5,5.0,5,5
Low Stakes,Empathic,4,5,4,4,4.25,5,4,4,4.333333333333333,5,5,4,4.666666666666667,女,51-60岁,本科,职员（从事一般性事务工作的人员）,4,5,5,4.666666666666667,5,5,5.0,4,4,4.0,5,4
High Stakes,Outcome,3,3,2,3,2.75,4,3,4,3.6666666666666665,3,3,3,3.0,女,31-40岁,本科,职员（从事一般性事务工作的人员）,4,4,3,3.6666666666666665,4,4,4.0,3,2,2.5,4,4
Low Stakes,Empathic,4,4,5,4,4.25,5,5,4,4.666666666666667,5,5,4,4.666666666666667,女,21-30岁,本科,各级政府部门、企事业单位、党政机关和公众团体领导者,5,4,4,4.333333333333333,5,5,5.0,4,5,4.5,5,5
Low Stakes,Outcome,5,5,4,3,4.25,4,4,5,4.333333333333333,4,4,4,4.0,女,31-40岁,普高/中专/技校/职高,私营企业主,5,5,5,5.0,5,5,5.0,4,5,4.5,5,5
High Stakes,Process,5,5,4,4,4.5,5,5,4,4.666666666666667,5,5,4,4.666666666666667,男,31-40岁,硕士,职员（从事一般性事务工作的人员）,5,4,5,4.666666666666667,5,5,5.0,5,4,4.5,4,5
High Stakes,Outcome,4,5,4,4,4.25,5,4,5,4.666666666666667,4,5,4,4.333333333333333,女,31-40岁,本科,职员（从事一般性事务工作的人员）,4,5,4,4.333333333333333,4,5,4.5,4,4,4.0,5,4
High Stakes,Empathic,2,1,2,3,2.0,3,2,3,2.6666666666666665,2,1,2,1.6666666666666667,女,21-30岁,本科,职员（从事一般性事务工作的人员）,2,3,3,2.6666666666666665,3,3,3.0,4,4,4.0,4,4
High Stakes,Empathic,1,2,2,2,1.75,2,2,1,1.6666666666666667,2,1,2,1.6666666666666667,女,31-40岁,硕士,自由职业者,4,4,2,3.3333333333333335,4,4,4.0,2,2,2.0,4,4
Low Stakes,Process,4,5,5,5,4.75,5,5,4,4.666666666666667,4,5,4,4.333333333333333,女,31-40岁,本科,私营企业主,5,5,5,5.0,5,4,4.5,5,5,5.0,5,4
Low Stakes,Process,4,5,5,4,4.5,5,5,4,4.666666666666667,4,5,3,4.0,男,21-30岁,本科,职员（从事一般性事务工作的人员）,4,5,5,4.666666666666667,5,4,4.5,5,5,5.0,5,5
Low Stakes,Process,4,4,2,3,3.25,4,4,4,4.0,4,4,4,4.0,女,31-40岁,本科,各级政府部门、企事业单位、党政机关和公众团体领导者,4,4,5,4.333333333333333,4,4,4.0,4,3,3.5,4,4
High Stakes,Outcome,3,4,4,3,3.5,5,4,4,4.333333333333333,3,4,3,3.3333333333333335,女,21-30岁,硕士,学生,5,5,5,5.0,5,5,5.0,4,3,3.5,4,4
High Stakes,Process,4,5,4,5,4.5,4,5,5,4.666666666666667,5,4,5,4.666666666666667,男,31-40岁,专科,私营企业主,4,5,5,4.666666666666667,5,4,4.5,5,3,4.0,4,5
High Stakes,Process,3,3,4,4,3.5,5,5,5,5.0,4,4,3,3.6666666666666665,男,21-30岁,专科,职员（从事一般性事务工作的人员）,5,5,5,5.0,5,5,5.0,5,5,5.0,4,4
High Stakes,Empathic,1,1,2,1,1.25,2,2,3,2.3333333333333335,1,1,2,1.3333333333333333,女,21-30岁,本科,学生,3,4,3,3.3333333333333335,4,3,3.5,5,4,4.5,3,4
High Stakes,Outcome,4,4,4,4,4.0,4,4,4,4.0,4,4,4,4.0,男,21-30岁,专科,职员（从事一般性事务工作的人员）,4,5,5,4.666666666666667,4,4,4.0,5,4,4.5,4,4
High Stakes,Empathic,2,2,2,3,2.25,2,2,2,2.0,2,2,2,2.0,女,21-30岁,硕士,专业技术人员（教师、医生、工程技术人员、作家等专业人员）,3,4,4,3.6666666666666665,3,4,3.5,4,4,4.0,4,4
Low Stakes,Empathic,2,4,4,3,3.25,3,3,3,3.0,4,3,3,3.3333333333333335,女,21-30岁,本科,学生,4,4,4,4.0,4,3,3.5,5,2,3.5,4,4
High Stakes,Process,2,3,1,1,1.75,2,1,1,1.3333333333333333,1,2,2,1.6666666666666667,男,21-30岁,硕士,专业技术人员（教师、医生、工程技术人员、作家等专业人员）,2,2,1,1.6666666666666667,3,1,2.0,4,4,4.0,4,3
Low Stakes,Empathic,5,4,5,5,4.75,5,5,5,5.0,5,5,5,5.0,女,31-40岁,本科,职员（从事一般性事务工作的人员）,5,5,5,5.0,5,5,5.0,5,4,4.5,5,5
Low Stakes,Empathic,4,3,4,4,3.75,4,4,4,4.0,3,4,4,3.6666666666666665,女,21-30岁,本科,学生,4,4,4,4.0,4,4,4.0,5,4,4.5,4,5
Low Stakes,Process,2,2,3,3,2.5,3,2,3,2.6666666666666665,2,2,1,1.6666666666666667,女,21-30岁,硕士,学生,3,3,4,3.3333333333333335,4,4,4.0,5,4,4.5,3,4
Low Stakes,Process,3,4,4,5,4.0,4,3,4,3.6666666666666665,4,5,4,4.333333333333333,女,21-30岁,本科,职员（从事一般性事务工作的人员）,4,3,4,3.6666666666666665,4,4,4.0,5,3,4.0,4,5
Low Stakes,Process,5,4,4,4,4.25,4,5,4,4.333333333333333,3,4,2,3.0,男,21-30岁,硕士,职员（从事一般性事务工作的人员）,4,5,4,4.333333333333333,5,4,4.5,5,4,4.5,3,4
Low Stakes,Outcome,4,4,3,4,3.75,4,5,4,4.333333333333333,4,4,3,3.6666666666666665,女,21-30岁,本科,各级政府部门、企事业单位、党政机关和公众团体领导者,4,4,5,4.333333333333333,5,5,5.0,4,3,3.5,4,5
Low Stakes,Empathic,4,4,5,5,4.5,5,4,4,4.333333333333333,4,5,5,4.666666666666667,女,31-40岁,专科,专业技术人员（教师、医生、工程技术人员、作家等专业人员）,4,5,4,4.333333333333333,5,4,4.5,4,4,4.0,5,5
Low Stakes,Empathic,4,4,4,4,4.0,4,4,4,4.0,4,4,4,4.0,女,41-50岁,专科,各级政府部门、企事业单位、党政机关和公众团体领导者,4,4,4,4.0,4,4,4.0,4,3,3.5,4,4
Low Stakes,Outcome,4,3,3,4,3.5,4,3,4,3.6666666666666665,4,4,3,3.6666666666666665,男,31-40岁,本科,职员（从事一般性事务工作的人员）,4,4,3,3.6666666666666665,4,4,4.0,3,3,3.0,3,4
High Stakes,Process,5,5,5,5,5.0,5,5,5,5.0,5,5,5,5.0,男,21-30岁,本科,私营企业主,5,5,5,5.0,5,5,5.0,5,5,5.0,5,5
Low Stakes,Outcome,3,3,5,4,3.75,2,1,1,1.3333333333333333,1,3,1,1.6666666666666667,男,0-20岁,本科,商务人员,2,2,3,2.3333333333333335,2,4,3.0,5,4,4.5,5,5
High Stakes,Process,5,4,5,5,4.75,5,4,5,4.666666666666667,5,5,4,4.666666666666667,女,31-40岁,本科,职员（从事一般性事务工作的人员）,5,5,4,4.666666666666667,5,4,4.5,5,4,4.5,5,4
High Stakes,Empathic,1,1,2,2,1.5,2,2,3,2.3333333333333335,1,1,1,1.0,女,21-30岁,本科,学生,2,3,4,3.0,4,4,4.0,5,3,4.0,3,4
Low Stakes,Process,3,4,5,4,4.0,5,4,3,4.0,3,4,4,3.6666666666666665,女,31-40岁,本科,职员（从事一般性事务工作的人员）,5,4,4,4.333333333333333,5,4,4.5,4,4,4.0,3,4
Low Stakes,Process,4,4,4,4,4.0,4,4,4,4.0,5,5,4,4.666666666666667,女,31-40岁,本科,职员（从事一般性事务工作的人员）,4,4,4,4.0,5,4,4.5,4,4,4.0,4,5
High Stakes,Empathic,1,2,2,1,1.5,1,2,1,1.3333333333333333,1,1,1,1.0,男,21-30岁,本科,专业技术人员（教师、医生、工程技术人员、作家等专业人员）,4,3,2,3.0,3,2,2.5,5,5,5.0,5,3
High Stakes,Outcome,4,5,3,4,4.0,4,5,4,4.333333333333333,3,4,5,4.0,女,21-30岁,专科,商务人员,3,4,5,4.0,4,5,4.5,3,4,3.5,4,3
High Stakes,Outcome,2,1,2,1,1.5,3,2,2,2.3333333333333335,2,1,1,1.3333333333333333,女,21-30岁,本科,学生,3,3,2,2.6666666666666665,4,5,4.5,3,2,2.5,2,4
High Stakes,Empathic,2,2,1,1,1.5,2,1,4,2.3333333333333335,1,1,2,1.3333333333333333,女,0-20岁,本科,学生,3,4,4,3.6666666666666665,3,3,3.0,4,5,4.5,3,4
Low Stakes,Process,3,4,4,5,4.0,4,5,5,4.666666666666667,3,3,3,3.0,女,21-30岁,本科,学生,5,5,5,5.0,4,4,4.0,5,5,5.0,4,3
High Stakes,Outcome,3,3,3,2,2.75,3,4,4,3.6666666666666665,4,4,3,3.6666666666666665,女,0-20岁,专科,学生,4,4,4,4.0,4,4,4.0,4,4,4.0,3,4
High Stakes,Empathic,2,2,2,3,2.25,3,3,3,3.0,2,2,2,2.0,女,0-20岁,本科,学生,3,3,3,3.0,4,4,4.0,5,3,4.0,2,4
Low Stakes,Outcome,3,4,4,3,3.5,4,4,4,4.0,4,4,4,4.0,女,31-40岁,本科,第三产业服务人员,4,4,4,4.0,4,4,4.0,5,4,4.5,4,4
Low Stakes,Process,4,4,4,4,4.0,4,4,4,4.0,4,4,4,4.0,男,31-40岁,本科,专业技术人员（教师、医生、工程技术人员、作家等专业人员）,4,4,4,4.0,4,4,4.0,5,4,4.5,4,4
High Stakes,Empathic,1,2,2,3,2.0,3,2,2,2.3333333333333335,1,2,1,1.3333333333333333,女,21-30岁,硕士,第三产业服务人员,3,4,3,3.3333333333333335,2,2,2.0,5,4,4.5,3,4
Low Stakes,Empathic,3,2,3,3,2.75,4,3,4,3.6666666666666665,2,3,2,2.3333333333333335,女,21-30岁,本科,学生,3,4,4,3.6666666666666665,4,3,3.5,5,4,4.5,3,4
High Stakes,Outcome,2,2,3,3,2.5,3,3,2,2.6666666666666665,2,3,2,2.3333333333333335,女,31-40岁,本科,职员（从事一般性事务工作的人员）,3,2,3,2.6666666666666665,3,3,3.0,4,4,4.0,5,4
High Stakes,Empathic,2,3,2,3,2.5,4,4,5,4.333333333333333,3,4,3,3.3333333333333335,女,21-30岁,本科,学生,4,4,5,4.333333333333333,4,4,4.0,5,3,4.0,3,4
Low Stakes,Process,4,4,3,3,3.5,5,4,4,4.333333333333333,4,3,3,3.3333333333333335,女,0-20岁,本科,学生,5,5,5,5.0,4,4,4.0,5,3,4.0,4,4
Low Stakes,Outcome,4,4,4,4,4.0,4,4,4,4.0,4,4,5,4.333333333333333,男,21-30岁,本科,学生,4,4,4,4.0,4,3,3.5,4,4,4.0,4,4
Low Stakes,Empathic,3,5,4,4,4.0,3,5,4,4.0,3,3,4,3.3333333333333335,女,21-30岁,本科,商务人员,3,4,4,3.6666666666666665,4,3,3.5,4,4,4.0,3,4
Low Stakes,Process,5,5,5,5,5.0,4,4,5,4.333333333333333,5,5,5,5.0,女,51-60岁,本科,各级政府部门、企事业单位、党政机关和公众团体领导者,5,4,5,4.666666666666667,5,5,5.0,5,5,5.0,5,4
High Stakes,Empathic,3,3,2,4,3.0,2,2,2,2.0,3,3,4,3.3333333333333335,男,0-20岁,专科,学生,2,2,2,2.0,4,3,3.5,5,5,5.0,2,4
High Stakes,Outcome,4,4,5,4,4.25,5,5,5,5.0,4,4,3,3.6666666666666665,女,21-30岁,本科,自由职业者,4,5,5,4.666666666666667,4,4,4.0,5,4,4.5,4,5
Low Stakes,Empathic,3,3,4,4,3.5,4,4,4,4.0,4,4,4,4.0,女,21-30岁,普高/中专/技校/职高,职员（从事一般性事务工作的人员）,4,4,4,4.0,4,4,4.0,4,3,3.5,4,4
High Stakes,Process,5,5,5,5,5.0,5,5,5,5.0,4,4,4,4.0,男,31-40岁,本科,自由职业者,5,5,5,5.0,5,4,4.5,4,4,4.0,5,5
High Stakes,Outcome,3,3,4,4,3.5,5,4,4,4.333333333333333,4,4,4,4.0,女,41-50岁,本科,职员（从事一般性事务工作的人员）,4,4,5,4.333333333333333,3,3,3.0,4,4,4.0,4,4
Low Stakes,Empathic,4,4,3,3,3.5,4,4,4,4.0,3,3,2,2.6666666666666665,女,0-20岁,本科,学生,4,4,4,4.0,3,3,3.0,5,4,4.5,4,5
Low Stakes,Outcome,4,5,4,4,4.25,4,3,3,3.3333333333333335,4,4,4,4.0,男,21-30岁,博士,专业技术人员（教师、医生、工程技术人员、作家等专业人员）,4,4,4,4.0,4,3,3.5,5,4,4.5,4,5
High Stakes,Empathic,2,1,2,2,1.75,2,1,3,2.0,2,1,1,1.3333333333333333,女,21-30岁,本科,各级政府部门、企事业单位、党政机关和公众团体领导者,1,2,3,2.0,2,3,2.5,5,4,4.5,4,5
Low Stakes,Outcome,4,4,3,4,3.75,4,4,4,4.0,4,4,3,3.6666666666666665,男,31-40岁,专科,产业工人,4,5,5,4.666666666666667,4,4,4.0,3,3,3.0,3,4
High Stakes,Empathic,1,1,4,1,1.75,2,2,2,2.0,1,2,1,1.3333333333333333,女,21-30岁,本科,职员（从事一般性事务工作的人员）,4,2,3,3.0,4,4,4.0,5,2,3.5,3,5
High Stakes,Process,4,4,4,4,4.0,3,3,3,3.0,4,4,4,4.0,女,0-20岁,本科,学生,3,3,3,3.0,4,4,4.0,4,4,4.0,4,4
Low Stakes,Process,3,4,4,3,3.5,5,5,4,4.666666666666667,4,4,3,3.6666666666666665,女,21-30岁,硕士,学生,5,4,5,4.666666666666667,3,4,3.5,5,4,4.5,3,5
High Stakes,Empathic,2,2,1,3,2.0,3,3,3,3.0,2,2,2,2.0,女,0-20岁,本科,学生,3,4,4,3.6666666666666665,3,4,3.5,5,3,4.0,4,5
High Stakes,Empathic,1,2,1,1,1.25,3,2,5,3.3333333333333335,2,1,1,1.3333333333333333,男,0-20岁,本科,学生,4,5,3,4.0,2,4,3.0,5,5,5.0,3,4
High Stakes,Process,4,3,3,4,3.5,4,3,4,3.6666666666666665,4,4,3,3.6666666666666665,女,41-50岁,本科,学生,4,5,5,4.666666666666667,4,5,4.5,5,4,4.5,4,4
Low Stakes,Process,4,4,5,4,4.25,5,5,5,5.0,5,5,5,5.0,女,0-20岁,本科,学生,4,5,5,4.666666666666667,4,4,4.0,5,4,4.5,4,5
Low Stakes,Outcome,5,5,3,3,4.0,5,5,5,5.0,4,4,5,4.333333333333333,男,31-40岁,普高/中专/技校/职高,自由职业者,5,5,5,5.0,4,3,3.5,4,4,4.0,5,4
High Stakes,Outcome,4,3,2,4,3.25,3,2,4,3.0,4,3,4,3.6666666666666665,女,31-40岁,专科,失业/待业,4,3,2,3.0,4,3,3.5,4,3,3.5,2,3
High Stakes,Process,4,4,5,4,4.25,4,4,4,4.0,4,5,4,4.333333333333333,男,31-40岁,本科,职员（从事一般性事务工作的人员）,5,4,5,4.666666666666667,4,4,4.0,4,4,4.0,4,4
High Stakes,Outcome,2,4,5,3,3.5,5,5,5,5.0,4,5,3,4.0,男,0-20岁,普高/中专/技校/职高,学生,5,5,5,5.0,4,5,4.5,5,4,4.5,4,5
High Stakes,Process,3,4,4,4,3.75,4,4,4,4.0,3,3,4,3.3333333333333335,男,21-30岁,硕士,学生,4,4,5,4.333333333333333,4,4,4.0,5,5,5.0,4,5
Low Stakes,Empathic,5,4,4,4,4.25,5,4,4,4.333333333333333,4,4,5,4.333333333333333,男,0-20岁,普高/中专/技校/职高,学生,4,5,5,4.666666666666667,5,4,4.5,5,4,4.5,5,4
Low Stakes,Outcome,3,3,3,3,3.0,4,4,4,4.0,4,4,4,4.0,男,21-30岁,本科,专业技术人员（教师、医生、工程技术人员、作家等专业人员）,4,4,4,4.0,4,4,4.0,4,4,4.0,4,4
High Stakes,Outcome,2,2,4,5,3.25,2,3,4,3.0,4,5,3,4.0,女,21-30岁,硕士,学生,4,5,2,3.6666666666666665,5,5,5.0,5,4,4.5,4,5
Low Stakes,Process,4,4,3,4,3.75,4,4,5,4.333333333333333,4,4,3,3.6666666666666665,女,31-40岁,本科,私营企业主,4,4,5,4.333333333333333,4,4,4.0,4,3,3.5,4,4
High Stakes,Empathic,3,4,3,3,3.25,4,4,4,4.0,4,4,4,4.0,女,31-40岁,专科,自由职业者,4,4,4,4.0,4,5,4.5,5,3,4.0,4,4
High Stakes,Outcome,4,4,5,2,3.75,3,2,2,2.3333333333333335,2,2,2,2.0,女,21-30岁,本科,专业技术人员（教师、医生、工程技术人员、作家等专业人员）,4,4,3,3.6666666666666665,2,4,3.0,5,4,4.5,4,4
High Stakes,Process,1,1,1,1,1.0,5,5,5,5.0,1,1,1,1.0,女,31-40岁,普高/中专/技校/职高,私营企业主,5,5,5,5.0,5,4,4.5,5,5,5.0,5,5
High Stakes,Process,4,5,4,4,4.25,4,5,5,4.666666666666667,5,3,4,4.0,男,21-30岁,本科,职员（从事一般性事务工作的人员）,4,5,5,4.666666666666667,5,4,4.5,4,5,4.5,3,5
Low Stakes,Empathic,4,3,3,3,3.25,4,3,3,3.3333333333333335,4,4,3,3.6666666666666665,女,31-40岁,本科,专业技术人员（教师、医生、工程技术人员、作家等专业人员）,4,4,4,4.0,5,5,5.0,5,4,4.5,4,5
Low Stakes,Outcome,3,3,4,3,3.25,4,3,3,3.3333333333333335,2,2,2,2.0,男,31-40岁,硕士,专业技术人员（教师、医生、工程技术人员、作家等专业人员）,4,4,4,4.0,5,4,4.5,4,4,4.0,5,5
High Stakes,Process,5,5,5,5,5.0,5,5,5,5.0,5,5,5,5.0,女,21-30岁,本科,职员（从事一般性事务工作的人员）,5,5,5,5.0,5,5,5.0,5,5,5.0,5,5
Low Stakes,Process,5,5,5,5,5.0,5,4,3,4.0,5,4,4,4.333333333333333,男,31-40岁,本科,专业技术人员（教师、医生、工程技术人员、作家等专业人员）,4,4,4,4.0,4,4,4.0,5,4,4.5,4,5
High Stakes,Empathic,2,2,3,3,2.5,4,4,4,4.0,3,3,4,3.3333333333333335,男,21-30岁,硕士,职员（从事一般性事务工作的人员）,4,4,4,4.0,4,4,4.0,5,4,4.5,4,4
Low Stakes,Process,5,4,2,3,3.5,5,5,4,4.666666666666667,4,4,3,3.6666666666666665,女,41-50岁,本科,职员（从事一般性事务工作的人员）,4,3,4,3.6666666666666665,5,5,5.0,5,5,5.0,4,5
Low Stakes,Empathic,4,4,4,4,4.0,5,4,4,4.333333333333333,4,4,4,4.0,女,21-30岁,本科,专业技术人员（教师、医生、工程技术人员、作家等专业人员）,4,4,4,4.0,4,4,4.0,4,4,4.0,3,4
Low Stakes,Outcome,5,5,5,5,5.0,5,5,5,5.0,5,5,3,4.333333333333333,男,21-30岁,本科,职员（从事一般性事务工作的人员）,5,5,5,5.0,5,4,4.5,5,3,4.0,5,5
Low Stakes,Empathic,2,2,2,3,2.25,4,3,4,3.6666666666666665,2,2,3,2.3333333333333335,女,0-20岁,本科,学生,4,4,4,4.0,4,4,4.0,4,4,4.0,4,4
Low Stakes,Outcome,3,4,3,4,3.5,3,4,5,4.0,4,4,4,4.0,女,0-20岁,本科,学生,4,4,4,4.0,3,5,4.0,4,4,4.0,2,4
High Stakes,Process,3,3,4,3,3.25,4,3,3,3.3333333333333335,3,3,3,3.0,女,21-30岁,普高/中专/技校/职高,学生,4,4,4,4.0,4,4,4.0,4,3,3.5,4,4
High Stakes,Outcome,4,4,3,3,3.5,4,4,4,4.0,4,4,3,3.6666666666666665,女,31-40岁,专科,产业工人,4,4,3,3.6666666666666665,4,5,4.5,5,4,4.5,5,4
Low Stakes,Outcome,1,1,1,2,1.25,3,2,4,3.0,2,3,3,2.6666666666666665,女,21-30岁,本科,学生,5,5,5,5.0,3,4,3.5,4,4,4.0,4,3
High Stakes,Empathic,4,4,4,4,4.0,5,5,5,5.0,5,5,5,5.0,女,31-40岁,专科,职员（从事一般性事务工作的人员）,4,4,4,4.0,4,4,4.0,4,4,4.0,4,4
Low Stakes,Empathic,2,1,1,2,1.5,2,2,3,2.3333333333333335,3,2,2,2.3333333333333335,男,21-30岁,硕士,学生,3,2,2,2.3333333333333335,4,4,4.0,5,5,5.0,2,3
Low Stakes,Process,4,5,4,5,4.5,5,4,5,4.666666666666667,4,5,5,4.666666666666667,女,21-30岁,专科,学生,4,5,4,4.333333333333333,5,4,4.5,5,5,5.0,5,4
Low Stakes,Empathic,4,5,4,5,4.5,3,4,2,3.0,4,4,5,4.333333333333333,女,0-20岁,本科,学生,2,2,2,2.0,4,4,4.0,5,3,4.0,2,4
